<?xml version="1.0" standalone="yes"?>
<NewDataSet>
  <T900_GlobalParam>
    <T900_FirmaNR>TE</T900_FirmaNR>
    <T900_FieldName>KZEP910</T900_FieldName>
    <T900_FieldValue>1</T900_FieldValue>
    <T900_Par01 />
    <T900_Anlage>2022-03-29T12:01:08.343+02:00</T900_Anlage>
    <T900_Aenderung>2022-03-29T12:01:08.343+02:00</T900_Aenderung>
    <T900_User>adm</T900_User>
  </T900_GlobalParam>
  <T900_GlobalParam>
    <T900_FirmaNR>TE</T900_FirmaNR>
    <T900_FieldName>PraeCalcStaffel</T900_FieldName>
    <T900_FieldValue>0</T900_FieldValue>
    <T900_Par01 />
    <T900_Typ />
    <T900_Anlage>2020-06-24T09:55:35+02:00</T900_Anlage>
    <T900_Aenderung>2021-11-19T13:59:04.967+01:00</T900_Aenderung>
    <T900_User>#fg</T900_User>
  </T900_GlobalParam>
  <T900_GlobalParam>
    <T900_FirmaNR>TE</T900_FirmaNR>
    <T900_FieldName>ImpPathETRM</T900_FieldName>
    <T900_FieldValue>F:\PKS\Import\erp\</T900_FieldValue>
    <T900_Par01 />
    <T900_Anlage>2019-11-05T11:47:47+01:00</T900_Anlage>
    <T900_Aenderung>2021-03-24T11:23:30.43+01:00</T900_Aenderung>
    <T900_User>#fg</T900_User>
  </T900_GlobalParam>
  <T900_GlobalParam>
    <T900_FirmaNR>TE</T900_FirmaNR>
    <T900_FieldName>T951WBAuto</T900_FieldName>
    <T900_FieldValue>1</T900_FieldValue>
    <T900_Par01 />
    <T900_Anlage>2018-07-03T11:08:35+02:00</T900_Anlage>
    <T900_Aenderung>2020-12-16T16:50:29.043+01:00</T900_Aenderung>
    <T900_User>#fg</T900_User>
  </T900_GlobalParam>
  <T900_GlobalParam>
    <T900_FirmaNR>TE</T900_FirmaNR>
    <T900_FieldName>ImpETIntBuch</T900_FieldName>
    <T900_FieldValue>10</T900_FieldValue>
    <T900_Par01 />
    <T900_Anlage>2020-12-14T17:05:55.717+01:00</T900_Anlage>
    <T900_Aenderung>2020-12-14T17:05:55.717+01:00</T900_Aenderung>
    <T900_User>adm</T900_User>
  </T900_GlobalParam>
  <T900_GlobalParam>
    <T900_FirmaNR>TE</T900_FirmaNR>
    <T900_FieldName>ImpETIntStamm</T900_FieldName>
    <T900_FieldValue>2</T900_FieldValue>
    <T900_Par01 />
    <T900_Anlage>2020-12-14T17:05:55.717+01:00</T900_Anlage>
    <T900_Aenderung>2020-12-14T17:05:55.717+01:00</T900_Aenderung>
    <T900_User>adm</T900_User>
  </T900_GlobalParam>
  <T900_GlobalParam>
    <T900_FirmaNR>TE</T900_FirmaNR>
    <T900_FieldName>TA44_UseDay</T900_FieldName>
    <T900_FieldValue>1</T900_FieldValue>
    <T900_Par01 />
    <T900_Anlage>2014-07-10T12:06:59+02:00</T900_Anlage>
    <T900_Aenderung>2020-06-24T13:55:09.217+02:00</T900_Aenderung>
    <T900_User>#fg</T900_User>
  </T900_GlobalParam>
  <T900_GlobalParam>
    <T900_FirmaNR>TE</T900_FirmaNR>
    <T900_FieldName>TA44_USEOFA</T900_FieldName>
    <T900_FieldValue>0</T900_FieldValue>
    <T900_Par01 />
    <T900_Anlage>2016-02-10T17:23:14+01:00</T900_Anlage>
    <T900_Aenderung>2020-06-24T13:54:58.733+02:00</T900_Aenderung>
    <T900_User>#fg</T900_User>
  </T900_GlobalParam>
  <T900_GlobalParam>
    <T900_FirmaNR>TE</T900_FirmaNR>
    <T900_FieldName>PraeCalcLimit</T900_FieldName>
    <T900_FieldValue>0</T900_FieldValue>
    <T900_Par01 />
    <T900_Typ />
    <T900_Anlage>2020-06-24T09:55:35.133+02:00</T900_Anlage>
    <T900_Aenderung>2020-06-24T09:55:35.133+02:00</T900_Aenderung>
    <T900_User>#fg</T900_User>
  </T900_GlobalParam>
  <T900_GlobalParam>
    <T900_FirmaNR>TE</T900_FirmaNR>
    <T900_FieldName>PraeCalcZiel</T900_FieldName>
    <T900_FieldValue>0</T900_FieldValue>
    <T900_Par01 />
    <T900_Typ />
    <T900_Anlage>2020-06-24T09:55:35.133+02:00</T900_Anlage>
    <T900_Aenderung>2020-06-24T09:55:35.133+02:00</T900_Aenderung>
    <T900_User>#fg</T900_User>
  </T900_GlobalParam>
  <T900_GlobalParam>
    <T900_FirmaNR>TE</T900_FirmaNR>
    <T900_FieldName>LAFLEXAUSBEZ</T900_FieldName>
    <T900_FieldValue>FLEX_4</T900_FieldValue>
    <T900_Par01 />
    <T900_Anlage>2009-12-02T15:33:00+01:00</T900_Anlage>
    <T900_Aenderung>2019-11-05T13:29:58.633+01:00</T900_Aenderung>
    <T900_User>#fg</T900_User>
  </T900_GlobalParam>
  <T900_GlobalParam>
    <T900_FirmaNR>TE</T900_FirmaNR>
    <T900_FieldName>DBBackup</T900_FieldName>
    <T900_FieldValue>01:00:00</T900_FieldValue>
    <T900_Par01 />
    <T900_Anlage>2019-11-05T11:47:47.11+01:00</T900_Anlage>
    <T900_Aenderung>2019-11-05T11:47:47.11+01:00</T900_Aenderung>
    <T900_User>adm</T900_User>
  </T900_GlobalParam>
  <T900_GlobalParam>
    <T900_FirmaNR>TE</T900_FirmaNR>
    <T900_FieldName>DbBackupPath</T900_FieldName>
    <T900_FieldValue>C:\PKS\Backup\</T900_FieldValue>
    <T900_Par01 />
    <T900_Anlage>2019-11-05T11:47:47.11+01:00</T900_Anlage>
    <T900_Aenderung>2019-11-05T11:47:47.11+01:00</T900_Aenderung>
    <T900_User>adm</T900_User>
  </T900_GlobalParam>
  <T900_GlobalParam>
    <T900_FirmaNR>TE</T900_FirmaNR>
    <T900_FieldName>BackupDBPathLocal</T900_FieldName>
    <T900_FieldValue />
    <T900_Par01 />
    <T900_Anlage>2019-08-21T11:37:13.763+02:00</T900_Anlage>
    <T900_Aenderung>2019-08-21T11:37:13.763+02:00</T900_Aenderung>
    <T900_User>#fg</T900_User>
  </T900_GlobalParam>
  <T900_GlobalParam>
    <T900_FirmaNR>TE</T900_FirmaNR>
    <T900_FieldName>ExpIntervallFA_V</T900_FieldName>
    <T900_FieldValue>10</T900_FieldValue>
    <T900_Par01 />
    <T900_Anlage>2019-08-20T12:02:14.797+02:00</T900_Anlage>
    <T900_Aenderung>2019-08-20T12:02:14.797+02:00</T900_Aenderung>
    <T900_User>adm</T900_User>
  </T900_GlobalParam>
  <T900_GlobalParam>
    <T900_FirmaNR>TE</T900_FirmaNR>
    <T900_FieldName>ExpPath_V</T900_FieldName>
    <T900_FieldValue>c:\daten\kssystem\export</T900_FieldValue>
    <T900_Par01 />
    <T900_Anlage>2019-08-20T12:02:14.797+02:00</T900_Anlage>
    <T900_Aenderung>2019-08-20T12:02:14.797+02:00</T900_Aenderung>
    <T900_User>adm</T900_User>
  </T900_GlobalParam>
  <T900_GlobalParam>
    <T900_FirmaNR>TE</T900_FirmaNR>
    <T900_FieldName>ImpPzeKstK</T900_FieldName>
    <T900_FieldValue>0</T900_FieldValue>
    <T900_Par01 />
    <T900_Anlage>2019-08-20T12:02:14.797+02:00</T900_Anlage>
    <T900_Aenderung>2019-08-20T12:02:14.797+02:00</T900_Aenderung>
    <T900_User>adm</T900_User>
  </T900_GlobalParam>
  <T900_GlobalParam>
    <T900_FirmaNR>TE</T900_FirmaNR>
    <T900_FieldName>LAULSON</T900_FieldName>
    <T900_FieldValue>999906</T900_FieldValue>
    <T900_Par01 />
    <T900_Anlage>2019-08-20T12:02:14.797+02:00</T900_Anlage>
    <T900_Aenderung>2019-08-20T12:02:14.797+02:00</T900_Aenderung>
    <T900_User>adm</T900_User>
  </T900_GlobalParam>
  <T900_GlobalParam>
    <T900_FirmaNR>TE</T900_FirmaNR>
    <T900_FieldName>Kn_Precision</T900_FieldName>
    <T900_FieldValue>2</T900_FieldValue>
    <T900_Par01 />
    <T900_Anlage>2019-06-07T11:36:48.433+02:00</T900_Anlage>
    <T900_Aenderung>2019-06-07T11:36:48.433+02:00</T900_Aenderung>
    <T900_User>#fg</T900_User>
  </T900_GlobalParam>
  <T900_GlobalParam>
    <T900_FirmaNR>TE</T900_FirmaNR>
    <T900_FieldName>SCHICHTTOLERANZ</T900_FieldName>
    <T900_FieldValue>110</T900_FieldValue>
    <T900_Par01 />
    <T900_Anlage>2009-12-02T15:33:00+01:00</T900_Anlage>
    <T900_Aenderung>2019-05-29T13:19:35.63+02:00</T900_Aenderung>
    <T900_User>#fg</T900_User>
  </T900_GlobalParam>
  <T900_GlobalParam>
    <T900_FirmaNR>TE</T900_FirmaNR>
    <T900_FieldName>SSTLOHNFILE</T900_FieldName>
    <T900_FieldValue>SST_LOHN.csv</T900_FieldValue>
    <T900_Par01 />
    <T900_Anlage>2009-02-04T08:49:13+01:00</T900_Anlage>
    <T900_Aenderung>2019-02-12T15:14:56.61+01:00</T900_Aenderung>
    <T900_User>#fg</T900_User>
  </T900_GlobalParam>
  <T900_GlobalParam>
    <T900_FirmaNR>TE</T900_FirmaNR>
    <T900_FieldName>SSTDVBERATER</T900_FieldName>
    <T900_FieldValue>12345567</T900_FieldValue>
    <T900_Par01 />
    <T900_Anlage>2019-01-25T10:24:10.227+01:00</T900_Anlage>
    <T900_Aenderung>2019-01-25T10:24:10.227+01:00</T900_Aenderung>
    <T900_User>adm</T900_User>
  </T900_GlobalParam>
  <T900_GlobalParam>
    <T900_FirmaNR>TE</T900_FirmaNR>
    <T900_FieldName>SSTDVMANDANT</T900_FieldName>
    <T900_FieldValue>54321</T900_FieldValue>
    <T900_Par01 />
    <T900_Anlage>2019-01-25T10:24:10.227+01:00</T900_Anlage>
    <T900_Aenderung>2019-01-25T10:24:10.227+01:00</T900_Aenderung>
    <T900_User>adm</T900_User>
  </T900_GlobalParam>
  <T900_GlobalParam>
    <T900_FirmaNR>TE</T900_FirmaNR>
    <T900_FieldName>SSTLOHNPATHsic</T900_FieldName>
    <T900_FieldValue>\\mos\kssystem\</T900_FieldValue>
    <T900_Par01 />
    <T900_Anlage>2019-01-25T10:24:10.227+01:00</T900_Anlage>
    <T900_Aenderung>2019-01-25T10:24:10.227+01:00</T900_Aenderung>
    <T900_User>adm</T900_User>
  </T900_GlobalParam>
  <T900_GlobalParam>
    <T900_FirmaNR>TE</T900_FirmaNR>
    <T900_FieldName>TA40_PlanPersKW</T900_FieldName>
    <T900_FieldValue>8</T900_FieldValue>
    <T900_Par01 />
    <T900_Anlage>2019-01-25T10:24:10.227+01:00</T900_Anlage>
    <T900_Aenderung>2019-01-25T10:24:10.227+01:00</T900_Aenderung>
    <T900_User>adm</T900_User>
  </T900_GlobalParam>
  <T900_GlobalParam>
    <T900_FirmaNR>TE</T900_FirmaNR>
    <T900_FieldName>MdeIntv_suwe-00</T900_FieldName>
    <T900_FieldValue>200</T900_FieldValue>
    <T900_Par01 />
    <T900_Anlage>2019-01-25T10:24:10.227+01:00</T900_Anlage>
    <T900_Aenderung>2019-01-25T10:24:10.227+01:00</T900_Aenderung>
    <T900_User>adm</T900_User>
  </T900_GlobalParam>
  <T900_GlobalParam>
    <T900_FirmaNR>TE</T900_FirmaNR>
    <T900_FieldName>KZECalc</T900_FieldName>
    <T900_FieldValue>1</T900_FieldValue>
    <T900_Par01 />
    <T900_Anlage>2019-01-25T10:24:10.227+01:00</T900_Anlage>
    <T900_Aenderung>2019-01-25T10:24:10.227+01:00</T900_Aenderung>
    <T900_User>adm</T900_User>
  </T900_GlobalParam>
  <T900_GlobalParam>
    <T900_FirmaNR>TE</T900_FirmaNR>
    <T900_FieldName>LAFLEXAUSBKP</T900_FieldName>
    <T900_FieldValue>FLEX_3</T900_FieldValue>
    <T900_Par01 />
    <T900_Anlage>2019-01-25T10:24:10.227+01:00</T900_Anlage>
    <T900_Aenderung>2019-01-25T10:24:10.227+01:00</T900_Aenderung>
    <T900_User>adm</T900_User>
  </T900_GlobalParam>
  <T900_GlobalParam>
    <T900_FirmaNR>TE</T900_FirmaNR>
    <T900_FieldName>LAFLEXKOR</T900_FieldName>
    <T900_FieldValue>999919</T900_FieldValue>
    <T900_Par01 />
    <T900_Typ />
    <T900_Anlage>2019-01-25T10:24:10.227+01:00</T900_Anlage>
    <T900_Aenderung>2019-01-25T10:24:10.227+01:00</T900_Aenderung>
    <T900_User>adm</T900_User>
  </T900_GlobalParam>
  <T900_GlobalParam>
    <T900_FirmaNR>TE</T900_FirmaNR>
    <T900_FieldName>LAFLEXPERIODE</T900_FieldName>
    <T900_FieldValue>999918</T900_FieldValue>
    <T900_Par01 />
    <T900_Typ />
    <T900_Anlage>2019-01-25T10:24:10.227+01:00</T900_Anlage>
    <T900_Aenderung>2019-01-25T10:24:10.227+01:00</T900_Aenderung>
    <T900_User>adm</T900_User>
  </T900_GlobalParam>
  <T900_GlobalParam>
    <T900_FirmaNR>TE</T900_FirmaNR>
    <T900_FieldName>LAFLEXSALDO</T900_FieldName>
    <T900_FieldValue>999920</T900_FieldValue>
    <T900_Par01 />
    <T900_Anlage>2019-01-25T10:24:10.227+01:00</T900_Anlage>
    <T900_Aenderung>2019-01-25T10:24:10.227+01:00</T900_Aenderung>
    <T900_User>adm</T900_User>
  </T900_GlobalParam>
  <T900_GlobalParam>
    <T900_FirmaNR>TE</T900_FirmaNR>
    <T900_FieldName>LAFLEXVER</T900_FieldName>
    <T900_FieldValue>999914</T900_FieldValue>
    <T900_Par01 />
    <T900_Typ />
    <T900_Anlage>2019-01-25T10:24:10.227+01:00</T900_Anlage>
    <T900_Aenderung>2019-01-25T10:24:10.227+01:00</T900_Aenderung>
    <T900_User>adm</T900_User>
  </T900_GlobalParam>
  <T900_GlobalParam>
    <T900_FirmaNR>TE</T900_FirmaNR>
    <T900_FieldName>LASZEMP</T900_FieldName>
    <T900_FieldValue>4530</T900_FieldValue>
    <T900_Par01 />
    <T900_Anlage>2019-01-25T10:24:10.227+01:00</T900_Anlage>
    <T900_Aenderung>2019-01-25T10:24:10.227+01:00</T900_Aenderung>
    <T900_User>adm</T900_User>
  </T900_GlobalParam>
  <T900_GlobalParam>
    <T900_FirmaNR>TE</T900_FirmaNR>
    <T900_FieldName>CALCKZEDayMax</T900_FieldName>
    <T900_FieldValue>-1</T900_FieldValue>
    <T900_Par01 />
    <T900_Anlage>2018-03-21T09:56:07+01:00</T900_Anlage>
    <T900_Aenderung>2019-01-21T13:06:48.257+01:00</T900_Aenderung>
    <T900_User>#fg</T900_User>
  </T900_GlobalParam>
  <T900_GlobalParam>
    <T900_FirmaNR>TE</T900_FirmaNR>
    <T900_FieldName>SSTLOHNPATH</T900_FieldName>
    <T900_FieldValue>F:\pks\export\lohn\</T900_FieldValue>
    <T900_Par01 />
    <T900_Anlage>2009-02-04T08:50:15+01:00</T900_Anlage>
    <T900_Aenderung>2018-12-14T10:35:02.86+01:00</T900_Aenderung>
    <T900_User>#fg</T900_User>
  </T900_GlobalParam>
  <T900_GlobalParam>
    <T900_FirmaNR>TE</T900_FirmaNR>
    <T900_FieldName>ExpIntervallFA</T900_FieldName>
    <T900_FieldValue>60</T900_FieldValue>
    <T900_Par01 />
    <T900_Anlage>2014-10-13T18:22:19+02:00</T900_Anlage>
    <T900_Aenderung>2018-12-13T16:50:15.773+01:00</T900_Aenderung>
    <T900_User>#fg</T900_User>
  </T900_GlobalParam>
  <T900_GlobalParam>
    <T900_FirmaNR>TE</T900_FirmaNR>
    <T900_FieldName>TA14Typ</T900_FieldName>
    <T900_FieldValue>T7C</T900_FieldValue>
    <T900_Par01 />
    <T900_Anlage>2018-07-13T11:19:35.647+02:00</T900_Anlage>
    <T900_Aenderung>2018-07-13T11:19:35.647+02:00</T900_Aenderung>
    <T900_User>#fg</T900_User>
  </T900_GlobalParam>
  <T900_GlobalParam>
    <T900_FirmaNR>TE</T900_FirmaNR>
    <T900_FieldName>GrupKnCalc</T900_FieldName>
    <T900_FieldValue>3</T900_FieldValue>
    <T900_Par01 />
    <T900_Anlage>2009-12-02T15:33:00+01:00</T900_Anlage>
    <T900_Aenderung>2018-07-11T11:39:08.87+02:00</T900_Aenderung>
    <T900_User>#fg</T900_User>
  </T900_GlobalParam>
  <T900_GlobalParam>
    <T900_FirmaNR>TE</T900_FirmaNR>
    <T900_FieldName>PraeDynGrp</T900_FieldName>
    <T900_FieldValue>0</T900_FieldValue>
    <T900_Par01 />
    <T900_Anlage>2009-12-02T15:33:00+01:00</T900_Anlage>
    <T900_Aenderung>2018-07-11T11:22:52.21+02:00</T900_Aenderung>
    <T900_User>#fg</T900_User>
  </T900_GlobalParam>
  <T900_GlobalParam>
    <T900_FirmaNR>TE</T900_FirmaNR>
    <T900_FieldName>MdeSDataCOM_suwe-00</T900_FieldName>
    <T900_FieldValue>COM7</T900_FieldValue>
    <T900_Par01 />
    <T900_Anlage>2018-07-03T11:08:35.91+02:00</T900_Anlage>
    <T900_Aenderung>2018-07-03T11:08:35.91+02:00</T900_Aenderung>
    <T900_User>adm</T900_User>
  </T900_GlobalParam>
  <T900_GlobalParam>
    <T900_FirmaNR>TE</T900_FirmaNR>
    <T900_FieldName>MdeSDataInv_Suwe-00</T900_FieldName>
    <T900_FieldValue>0</T900_FieldValue>
    <T900_Par01 />
    <T900_Anlage>2018-07-03T11:08:35.91+02:00</T900_Anlage>
    <T900_Aenderung>2018-07-03T11:08:35.91+02:00</T900_Aenderung>
    <T900_User>adm</T900_User>
  </T900_GlobalParam>
  <T900_GlobalParam>
    <T900_FirmaNR>TE</T900_FirmaNR>
    <T900_FieldName>MdeSDataLog_Suwe-00</T900_FieldName>
    <T900_FieldValue>C:\Daten\KSSystem\Log\</T900_FieldValue>
    <T900_Par01 />
    <T900_Anlage>2018-07-03T11:08:35.91+02:00</T900_Anlage>
    <T900_Aenderung>2018-07-03T11:08:35.91+02:00</T900_Aenderung>
    <T900_User>adm</T900_User>
  </T900_GlobalParam>
  <T900_GlobalParam>
    <T900_FirmaNR>TE</T900_FirmaNR>
    <T900_FieldName>ForeCastAbgleich</T900_FieldName>
    <T900_FieldValue>1</T900_FieldValue>
    <T900_Par01 />
    <T900_Anlage>2018-07-03T10:59:33.09+02:00</T900_Anlage>
    <T900_Aenderung>2018-07-03T10:59:33.09+02:00</T900_Aenderung>
    <T900_User>adm</T900_User>
  </T900_GlobalParam>
  <T900_GlobalParam>
    <T900_FirmaNR>TE</T900_FirmaNR>
    <T900_FieldName>TagIdNS</T900_FieldName>
    <T900_FieldValue>1</T900_FieldValue>
    <T900_Par01 />
    <T900_Anlage>2018-06-28T17:39:09.92+02:00</T900_Anlage>
    <T900_Aenderung>2018-06-28T17:39:09.92+02:00</T900_Aenderung>
    <T900_User>#fg</T900_User>
  </T900_GlobalParam>
  <T900_GlobalParam>
    <T900_FirmaNR>TE</T900_FirmaNR>
    <T900_FieldName>Kn_Praemie</T900_FieldName>
    <T900_FieldValue>0</T900_FieldValue>
    <T900_Par01 />
    <T900_Anlage>2016-03-10T09:05:12+01:00</T900_Anlage>
    <T900_Aenderung>2018-03-08T14:43:15.877+01:00</T900_Aenderung>
    <T900_User>#fg</T900_User>
  </T900_GlobalParam>
  <T900_GlobalParam>
    <T900_FirmaNR>TE</T900_FirmaNR>
    <T900_FieldName>CockpitPers</T900_FieldName>
    <T900_FieldValue>0</T900_FieldValue>
    <T900_Par01 />
    <T900_Anlage>2018-03-01T14:45:00.37+01:00</T900_Anlage>
    <T900_Aenderung>2018-03-01T14:45:00.37+01:00</T900_Aenderung>
    <T900_User>#fg</T900_User>
  </T900_GlobalParam>
  <T900_GlobalParam>
    <T900_FirmaNR>TE</T900_FirmaNR>
    <T900_FieldName>OEECalc</T900_FieldName>
    <T900_FieldValue>0</T900_FieldValue>
    <T900_Par01 />
    <T900_Anlage>2018-02-07T08:51:01+01:00</T900_Anlage>
    <T900_Aenderung>2018-02-09T07:42:06.247+01:00</T900_Aenderung>
    <T900_User>#fg</T900_User>
  </T900_GlobalParam>
  <T900_GlobalParam>
    <T900_FirmaNR>TE</T900_FirmaNR>
    <T900_FieldName>TA61_PrtKn_SZS1</T900_FieldName>
    <T900_FieldValue>SZS1</T900_FieldValue>
    <T900_Par01 />
    <T900_Anlage>2018-02-07T08:51:01.29+01:00</T900_Anlage>
    <T900_Aenderung>2018-02-07T08:51:01.29+01:00</T900_Aenderung>
    <T900_User>adm</T900_User>
  </T900_GlobalParam>
  <T900_GlobalParam>
    <T900_FirmaNR>TE</T900_FirmaNR>
    <T900_FieldName>Kn_AkkMin</T900_FieldName>
    <T900_FieldValue>2</T900_FieldValue>
    <T900_Par01 />
    <T900_Anlage>2016-01-09T10:34:34+01:00</T900_Anlage>
    <T900_Aenderung>2017-11-29T14:08:59.093+01:00</T900_Aenderung>
    <T900_User>#fg</T900_User>
  </T900_GlobalParam>
  <T900_GlobalParam>
    <T900_FirmaNR>TE</T900_FirmaNR>
    <T900_FieldName>ImpSubPathERP</T900_FieldName>
    <T900_FieldValue>BDE</T900_FieldValue>
    <T900_Par01 />
    <T900_Anlage>2017-03-24T09:14:07+01:00</T900_Anlage>
    <T900_Aenderung>2017-03-24T09:53:13.577+01:00</T900_Aenderung>
    <T900_User>#fg</T900_User>
  </T900_GlobalParam>
  <T900_GlobalParam>
    <T900_FirmaNR>TE</T900_FirmaNR>
    <T900_FieldName>ImpPathPZE</T900_FieldName>
    <T900_FieldValue>F:\PKS\Import\Stamm\</T900_FieldValue>
    <T900_Par01 />
    <T900_Anlage>2013-04-08T13:29:19+02:00</T900_Anlage>
    <T900_Aenderung>2017-03-23T12:29:27.047+01:00</T900_Aenderung>
    <T900_User>#fg</T900_User>
  </T900_GlobalParam>
  <T900_GlobalParam>
    <T900_FirmaNR>TE</T900_FirmaNR>
    <T900_FieldName>ImpPathStamm</T900_FieldName>
    <T900_FieldValue>F:\PKS\Import\Stamm\</T900_FieldValue>
    <T900_Par01 />
    <T900_Anlage>2013-03-04T09:45:46+01:00</T900_Anlage>
    <T900_Aenderung>2017-03-23T12:19:40.753+01:00</T900_Aenderung>
    <T900_User>#fg</T900_User>
  </T900_GlobalParam>
  <T900_GlobalParam>
    <T900_FirmaNR>TE</T900_FirmaNR>
    <T900_FieldName>BackupDBPath</T900_FieldName>
    <T900_FieldValue>F:\PKS\Backup\</T900_FieldValue>
    <T900_Par01 />
    <T900_Anlage>2015-08-04T16:05:20+02:00</T900_Anlage>
    <T900_Aenderung>2017-03-23T12:18:25.733+01:00</T900_Aenderung>
    <T900_User>#fg</T900_User>
  </T900_GlobalParam>
  <T900_GlobalParam>
    <T900_FirmaNR>TE</T900_FirmaNR>
    <T900_FieldName>Server_SID</T900_FieldName>
    <T900_FieldValue>Server</T900_FieldValue>
    <T900_Par01 />
    <T900_Anlage>2016-05-18T12:21:52+02:00</T900_Anlage>
    <T900_Aenderung>2016-05-18T12:23:04.903+02:00</T900_Aenderung>
    <T900_User>#fg</T900_User>
  </T900_GlobalParam>
  <T900_GlobalParam>
    <T900_FirmaNR>TE</T900_FirmaNR>
    <T900_FieldName>TA44_USEKW</T900_FieldName>
    <T900_FieldValue>0</T900_FieldValue>
    <T900_Par01 />
    <T900_Anlage>2014-07-10T12:06:59+02:00</T900_Anlage>
    <T900_Aenderung>2016-02-10T17:23:22.673+01:00</T900_Aenderung>
    <T900_User>#fg</T900_User>
  </T900_GlobalParam>
  <T900_GlobalParam>
    <T900_FirmaNR>TE</T900_FirmaNR>
    <T900_FieldName>LAGLZAUSBEZ</T900_FieldName>
    <T900_FieldValue>000220</T900_FieldValue>
    <T900_Par01 />
    <T900_Anlage>2007-11-15T11:11:24+01:00</T900_Anlage>
    <T900_Aenderung>2016-01-28T12:51:57.537+01:00</T900_Aenderung>
    <T900_User>#fg</T900_User>
  </T900_GlobalParam>
  <T900_GlobalParam>
    <T900_FirmaNR>TE</T900_FirmaNR>
    <T900_FieldName>PraeQualFakt</T900_FieldName>
    <T900_FieldValue>0</T900_FieldValue>
    <T900_Par01 />
    <T900_Anlage>2009-12-02T15:33:00+01:00</T900_Anlage>
    <T900_Aenderung>2016-01-07T09:59:37.233+01:00</T900_Aenderung>
    <T900_User>#fg</T900_User>
  </T900_GlobalParam>
  <T900_GlobalParam>
    <T900_FirmaNR>TE</T900_FirmaNR>
    <T900_FieldName>PraeTermFakt</T900_FieldName>
    <T900_FieldValue>0</T900_FieldValue>
    <T900_Par01 />
    <T900_Anlage>2009-12-02T15:33:00+01:00</T900_Anlage>
    <T900_Aenderung>2016-01-07T09:59:25.157+01:00</T900_Aenderung>
    <T900_User>#fg</T900_User>
  </T900_GlobalParam>
  <T900_GlobalParam>
    <T900_FirmaNR>TE</T900_FirmaNR>
    <T900_FieldName>ShowProgId</T900_FieldName>
    <T900_FieldValue>0</T900_FieldValue>
    <T900_Par01 />
    <T900_Anlage>2015-12-16T16:47:43.303+01:00</T900_Anlage>
    <T900_Aenderung>2015-12-16T16:47:43.303+01:00</T900_Aenderung>
    <T900_User>#fg</T900_User>
  </T900_GlobalParam>
  <T900_GlobalParam>
    <T900_FirmaNR>TE</T900_FirmaNR>
    <T900_FieldName>TA44_USEKL</T900_FieldName>
    <T900_FieldValue>0</T900_FieldValue>
    <T900_Par01 />
    <T900_Anlage>2015-11-23T14:18:02.217+01:00</T900_Anlage>
    <T900_Aenderung>2015-11-23T14:18:02.217+01:00</T900_Aenderung>
    <T900_User>ADM</T900_User>
  </T900_GlobalParam>
  <T900_GlobalParam>
    <T900_FirmaNR>TE</T900_FirmaNR>
    <T900_FieldName>TA44_Use</T900_FieldName>
    <T900_FieldValue>1</T900_FieldValue>
    <T900_Par01 />
    <T900_Anlage>2015-09-09T15:08:47+02:00</T900_Anlage>
    <T900_Aenderung>2015-11-23T14:17:45.137+01:00</T900_Aenderung>
    <T900_User>ADM</T900_User>
  </T900_GlobalParam>
  <T900_GlobalParam>
    <T900_FirmaNR>TE</T900_FirmaNR>
    <T900_FieldName>ImpIntervallPZE</T900_FieldName>
    <T900_FieldValue>4900</T900_FieldValue>
    <T900_Par01 />
    <T900_Anlage>2012-12-03T15:26:24+01:00</T900_Anlage>
    <T900_Aenderung>2015-11-06T12:04:47.903+01:00</T900_Aenderung>
    <T900_User>#fg</T900_User>
  </T900_GlobalParam>
  <T900_GlobalParam>
    <T900_FirmaNR>TE</T900_FirmaNR>
    <T900_FieldName>TA61_PrtKn_Kn</T900_FieldName>
    <T900_FieldValue>SZ</T900_FieldValue>
    <T900_Par01 />
    <T900_Anlage>2015-08-04T16:05:20+02:00</T900_Anlage>
    <T900_Aenderung>2015-09-02T12:13:42.447+02:00</T900_Aenderung>
    <T900_User>#fg</T900_User>
  </T900_GlobalParam>
  <T900_GlobalParam>
    <T900_FirmaNR>TE</T900_FirmaNR>
    <T900_FieldName>TA61_PrtKn_Sza</T900_FieldName>
    <T900_FieldValue>SZ</T900_FieldValue>
    <T900_Par01 />
    <T900_Anlage>2015-08-04T16:05:20+02:00</T900_Anlage>
    <T900_Aenderung>2015-09-02T12:13:25.103+02:00</T900_Aenderung>
    <T900_User>#fg</T900_User>
  </T900_GlobalParam>
  <T900_GlobalParam>
    <T900_FirmaNR>TE</T900_FirmaNR>
    <T900_FieldName>TA61_PrtKn_SZ02</T900_FieldName>
    <T900_FieldValue>SZ</T900_FieldValue>
    <T900_Par01 />
    <T900_Anlage>2015-08-04T16:05:20+02:00</T900_Anlage>
    <T900_Aenderung>2015-09-02T12:13:14.163+02:00</T900_Aenderung>
    <T900_User>#fg</T900_User>
  </T900_GlobalParam>
  <T900_GlobalParam>
    <T900_FirmaNR>TE</T900_FirmaNR>
    <T900_FieldName>TA53Karenz</T900_FieldName>
    <T900_FieldValue>0</T900_FieldValue>
    <T900_Par01 />
    <T900_Anlage>2015-08-04T16:08:07.48+02:00</T900_Anlage>
    <T900_Aenderung>2015-08-04T16:08:07.48+02:00</T900_Aenderung>
    <T900_User>#fg</T900_User>
  </T900_GlobalParam>
  <T900_GlobalParam>
    <T900_FirmaNR>TE</T900_FirmaNR>
    <T900_FieldName>TA61_PrtKn_Sz</T900_FieldName>
    <T900_FieldValue>SZ</T900_FieldValue>
    <T900_Par01 />
    <T900_Anlage>2015-08-04T16:05:20.337+02:00</T900_Anlage>
    <T900_Aenderung>2015-08-04T16:05:20.337+02:00</T900_Aenderung>
    <T900_User>adm</T900_User>
  </T900_GlobalParam>
  <T900_GlobalParam>
    <T900_FirmaNR>TE</T900_FirmaNR>
    <T900_FieldName>RSSerie</T900_FieldName>
    <T900_FieldValue>RSListe</T900_FieldValue>
    <T900_Par01 />
    <T900_Anlage>2015-08-04T16:05:20.337+02:00</T900_Anlage>
    <T900_Aenderung>2015-08-04T16:05:20.337+02:00</T900_Aenderung>
    <T900_User>adm</T900_User>
  </T900_GlobalParam>
  <T900_GlobalParam>
    <T900_FirmaNR>TE</T900_FirmaNR>
    <T900_FieldName>MdeSDataLog_CMP33-0</T900_FieldName>
    <T900_FieldValue>C:\PKS\Log\</T900_FieldValue>
    <T900_Par01 />
    <T900_Anlage>2015-08-04T16:05:20.337+02:00</T900_Anlage>
    <T900_Aenderung>2015-08-04T16:05:20.337+02:00</T900_Aenderung>
    <T900_User>adm</T900_User>
  </T900_GlobalParam>
  <T900_GlobalParam>
    <T900_FirmaNR>TE</T900_FirmaNR>
    <T900_FieldName>MdeSDataInv_CMP33-0</T900_FieldName>
    <T900_FieldValue>1</T900_FieldValue>
    <T900_Par01 />
    <T900_Anlage>2015-08-04T16:05:20.337+02:00</T900_Anlage>
    <T900_Aenderung>2015-08-04T16:05:20.337+02:00</T900_Aenderung>
    <T900_User>adm</T900_User>
  </T900_GlobalParam>
  <T900_GlobalParam>
    <T900_FirmaNR>TE</T900_FirmaNR>
    <T900_FieldName>MdeSDataCOM_CMP33-0</T900_FieldName>
    <T900_FieldValue>COM10</T900_FieldValue>
    <T900_Par01 />
    <T900_Anlage>2015-08-04T16:05:20.337+02:00</T900_Anlage>
    <T900_Aenderung>2015-08-04T16:05:20.337+02:00</T900_Aenderung>
    <T900_User>adm</T900_User>
  </T900_GlobalParam>
  <T900_GlobalParam>
    <T900_FirmaNR>TE</T900_FirmaNR>
    <T900_FieldName>MdeSDataCOM_idgnb3</T900_FieldName>
    <T900_FieldValue>COM28</T900_FieldValue>
    <T900_Par01 />
    <T900_Anlage>2015-08-04T16:05:20.337+02:00</T900_Anlage>
    <T900_Aenderung>2015-08-04T16:05:20.337+02:00</T900_Aenderung>
    <T900_User>adm</T900_User>
  </T900_GlobalParam>
  <T900_GlobalParam>
    <T900_FirmaNR>TE</T900_FirmaNR>
    <T900_FieldName>MDE01IntvStoer</T900_FieldName>
    <T900_FieldValue>20</T900_FieldValue>
    <T900_Par01 />
    <T900_Anlage>2015-08-04T16:05:20.337+02:00</T900_Anlage>
    <T900_Aenderung>2015-08-04T16:05:20.337+02:00</T900_Aenderung>
    <T900_User>adm</T900_User>
  </T900_GlobalParam>
  <T900_GlobalParam>
    <T900_FirmaNR>TE</T900_FirmaNR>
    <T900_FieldName>MDE01MWS</T900_FieldName>
    <T900_FieldValue>50</T900_FieldValue>
    <T900_Par01 />
    <T900_Anlage>2015-08-04T16:05:20.337+02:00</T900_Anlage>
    <T900_Aenderung>2015-08-04T16:05:20.337+02:00</T900_Aenderung>
    <T900_User>adm</T900_User>
  </T900_GlobalParam>
  <T900_GlobalParam>
    <T900_FirmaNR>TE</T900_FirmaNR>
    <T900_FieldName>MDE01Platz</T900_FieldName>
    <T900_FieldValue>62925</T900_FieldValue>
    <T900_Par01 />
    <T900_Anlage>2015-08-04T16:05:20.337+02:00</T900_Anlage>
    <T900_Aenderung>2015-08-04T16:05:20.337+02:00</T900_Aenderung>
    <T900_User>adm</T900_User>
  </T900_GlobalParam>
  <T900_GlobalParam>
    <T900_FirmaNR>TE</T900_FirmaNR>
    <T900_FieldName>MDEGK_Ruest</T900_FieldName>
    <T900_FieldValue>GK002</T900_FieldValue>
    <T900_Par01 />
    <T900_Anlage>2015-08-04T16:05:20.337+02:00</T900_Anlage>
    <T900_Aenderung>2015-08-04T16:05:20.337+02:00</T900_Aenderung>
    <T900_User>adm</T900_User>
  </T900_GlobalParam>
  <T900_GlobalParam>
    <T900_FirmaNR>TE</T900_FirmaNR>
    <T900_FieldName>MDEGK_Stoer</T900_FieldName>
    <T900_FieldValue>GK009</T900_FieldValue>
    <T900_Par01 />
    <T900_Anlage>2015-08-04T16:05:20.337+02:00</T900_Anlage>
    <T900_Aenderung>2015-08-04T16:05:20.337+02:00</T900_Aenderung>
    <T900_User>adm</T900_User>
  </T900_GlobalParam>
  <T900_GlobalParam>
    <T900_FirmaNR>TE</T900_FirmaNR>
    <T900_FieldName>MdeIntv_CMP33-0</T900_FieldName>
    <T900_FieldValue>200</T900_FieldValue>
    <T900_Par01 />
    <T900_Anlage>2015-08-04T16:05:20.337+02:00</T900_Anlage>
    <T900_Aenderung>2015-08-04T16:05:20.337+02:00</T900_Aenderung>
    <T900_User>adm</T900_User>
  </T900_GlobalParam>
  <T900_GlobalParam>
    <T900_FirmaNR>TE</T900_FirmaNR>
    <T900_FieldName>MdeIntv_idgnb3</T900_FieldName>
    <T900_FieldValue>200</T900_FieldValue>
    <T900_Par01 />
    <T900_Anlage>2015-08-04T16:05:20.337+02:00</T900_Anlage>
    <T900_Aenderung>2015-08-04T16:05:20.337+02:00</T900_Aenderung>
    <T900_User>adm</T900_User>
  </T900_GlobalParam>
  <T900_GlobalParam>
    <T900_FirmaNR>TE</T900_FirmaNR>
    <T900_FieldName>BackupDB</T900_FieldName>
    <T900_FieldValue>00:01:00</T900_FieldValue>
    <T900_Par01 />
    <T900_Anlage>2015-08-04T16:05:20.337+02:00</T900_Anlage>
    <T900_Aenderung>2015-08-04T16:05:20.337+02:00</T900_Aenderung>
    <T900_User>adm</T900_User>
  </T900_GlobalParam>
  <T900_GlobalParam>
    <T900_FirmaNR>TE</T900_FirmaNR>
    <T900_FieldName>false</T900_FieldName>
    <T900_FieldValue>1</T900_FieldValue>
    <T900_Par01 />
    <T900_Anlage>2015-08-04T16:05:20.337+02:00</T900_Anlage>
    <T900_Aenderung>2015-08-04T16:05:20.337+02:00</T900_Aenderung>
    <T900_User>adm</T900_User>
  </T900_GlobalParam>
  <T900_GlobalParam>
    <T900_FirmaNR>TE</T900_FirmaNR>
    <T900_FieldName>IstZeitCheckERP</T900_FieldName>
    <T900_FieldValue>0</T900_FieldValue>
    <T900_Par01 />
    <T900_Anlage>2013-05-06T11:07:10+02:00</T900_Anlage>
    <T900_Aenderung>2014-12-01T16:21:01.68+01:00</T900_Aenderung>
    <T900_User>#fg</T900_User>
  </T900_GlobalParam>
  <T900_GlobalParam>
    <T900_FirmaNR>TE</T900_FirmaNR>
    <T900_FieldName>PruefStatWBDiff</T900_FieldName>
    <T900_FieldValue>0</T900_FieldValue>
    <T900_Par01 />
    <T900_Anlage>2013-05-03T15:29:36+02:00</T900_Anlage>
    <T900_Aenderung>2014-11-28T14:07:25.093+01:00</T900_Aenderung>
    <T900_User>#fg</T900_User>
  </T900_GlobalParam>
  <T900_GlobalParam>
    <T900_FirmaNR>TE</T900_FirmaNR>
    <T900_FieldName>IstZeitFromERP</T900_FieldName>
    <T900_FieldValue>0</T900_FieldValue>
    <T900_Par01 />
    <T900_Anlage>2012-11-26T10:46:56+01:00</T900_Anlage>
    <T900_Aenderung>2014-11-26T13:01:36.267+01:00</T900_Aenderung>
    <T900_User>#fg</T900_User>
  </T900_GlobalParam>
  <T900_GlobalParam>
    <T900_FirmaNR>TE</T900_FirmaNR>
    <T900_FieldName>ScanCardNo</T900_FieldName>
    <T900_FieldValue>1</T900_FieldValue>
    <T900_Par01 />
    <T900_Anlage>2013-02-21T08:57:58+01:00</T900_Anlage>
    <T900_Aenderung>2014-11-04T13:36:07.83+01:00</T900_Aenderung>
    <T900_User>#fg</T900_User>
  </T900_GlobalParam>
  <T900_GlobalParam>
    <T900_FirmaNR>TE</T900_FirmaNR>
    <T900_FieldName>LAFLEXVERKUG</T900_FieldName>
    <T900_FieldValue>0</T900_FieldValue>
    <T900_Par01 />
    <T900_Anlage>2013-11-08T10:28:57+01:00</T900_Anlage>
    <T900_Aenderung>2014-06-30T10:08:02.433+02:00</T900_Aenderung>
    <T900_User>#fg</T900_User>
  </T900_GlobalParam>
  <T900_GlobalParam>
    <T900_FirmaNR>TE</T900_FirmaNR>
    <T900_FieldName>LAVHZ</T900_FieldName>
    <T900_FieldValue>951</T900_FieldValue>
    <T900_Par01 />
    <T900_Anlage>2014-06-30T10:07:42+02:00</T900_Anlage>
    <T900_Aenderung>2014-06-30T10:07:54.7+02:00</T900_Aenderung>
    <T900_User>#fg</T900_User>
  </T900_GlobalParam>
  <T900_GlobalParam>
    <T900_FirmaNR>TE</T900_FirmaNR>
    <T900_FieldName>ZeitartUrlaub</T900_FieldName>
    <T900_FieldValue>000200</T900_FieldValue>
    <T900_Par01 />
    <T900_Anlage>2014-06-03T10:47:23.44+02:00</T900_Anlage>
    <T900_Aenderung>2014-06-03T10:47:23.44+02:00</T900_Aenderung>
    <T900_User>#fg</T900_User>
  </T900_GlobalParam>
  <T900_GlobalParam>
    <T900_FirmaNR>TE</T900_FirmaNR>
    <T900_FieldName>CALCT951</T900_FieldName>
    <T900_FieldValue>03:00:00</T900_FieldValue>
    <T900_Par01>0</T900_Par01>
    <T900_Anlage>2012-03-09T06:35:19+01:00</T900_Anlage>
    <T900_Aenderung>2013-10-11T17:59:38.05+02:00</T900_Aenderung>
    <T900_User>#fg</T900_User>
  </T900_GlobalParam>
  <T900_GlobalParam>
    <T900_FirmaNR>TE</T900_FirmaNR>
    <T900_FieldName>CALCKZE</T900_FieldName>
    <T900_FieldValue>04:00:00</T900_FieldValue>
    <T900_Par01>0</T900_Par01>
    <T900_Anlage>2011-02-16T13:08:53+01:00</T900_Anlage>
    <T900_Aenderung>2013-10-11T17:59:32.24+02:00</T900_Aenderung>
    <T900_User>#fg</T900_User>
  </T900_GlobalParam>
  <T900_GlobalParam>
    <T900_FirmaNR>TE</T900_FirmaNR>
    <T900_FieldName>SlzCalcSP</T900_FieldName>
    <T900_FieldValue>1</T900_FieldValue>
    <T900_Par01 />
    <T900_Anlage>2013-09-26T17:17:53.983+02:00</T900_Anlage>
    <T900_Aenderung>2013-09-26T17:17:53.983+02:00</T900_Aenderung>
    <T900_User>#fg</T900_User>
  </T900_GlobalParam>
  <T900_GlobalParam>
    <T900_FirmaNR>TE</T900_FirmaNR>
    <T900_FieldName>TA44_GraphDays</T900_FieldName>
    <T900_FieldValue>30</T900_FieldValue>
    <T900_Par01 />
    <T900_Anlage>2013-09-25T09:25:00+02:00</T900_Anlage>
    <T900_Aenderung>2013-09-25T09:25:00+02:00</T900_Aenderung>
    <T900_User>adm</T900_User>
  </T900_GlobalParam>
  <T900_GlobalParam>
    <T900_FirmaNR>TE</T900_FirmaNR>
    <T900_FieldName>DATEFIRST</T900_FieldName>
    <T900_FieldValue>1</T900_FieldValue>
    <T900_Par01 />
    <T900_Anlage>2013-09-25T09:25:00+02:00</T900_Anlage>
    <T900_Aenderung>2013-09-25T09:25:00+02:00</T900_Aenderung>
    <T900_User>adm</T900_User>
  </T900_GlobalParam>
  <T900_GlobalParam>
    <T900_FirmaNR>TE</T900_FirmaNR>
    <T900_FieldName>CALCWEEKRULE</T900_FieldName>
    <T900_FieldValue>2</T900_FieldValue>
    <T900_Par01 />
    <T900_Anlage>2013-09-25T09:25:00+02:00</T900_Anlage>
    <T900_Aenderung>2013-09-25T09:25:00+02:00</T900_Aenderung>
    <T900_User>adm</T900_User>
  </T900_GlobalParam>
  <T900_GlobalParam>
    <T900_FirmaNR>TE</T900_FirmaNR>
    <T900_FieldName>IntervallKalk</T900_FieldName>
    <T900_FieldValue>60</T900_FieldValue>
    <T900_Par01 />
    <T900_Anlage>2013-09-25T09:25:00+02:00</T900_Anlage>
    <T900_Aenderung>2013-09-25T09:25:00+02:00</T900_Aenderung>
    <T900_User>adm</T900_User>
  </T900_GlobalParam>
  <T900_GlobalParam>
    <T900_FirmaNR>TE</T900_FirmaNR>
    <T900_FieldName>TA44_USETOURNR</T900_FieldName>
    <T900_FieldValue>0</T900_FieldValue>
    <T900_Par01 />
    <T900_Anlage>2012-05-25T07:18:36+02:00</T900_Anlage>
    <T900_Aenderung>2013-07-11T17:29:58.58+02:00</T900_Aenderung>
    <T900_User>#fg</T900_User>
  </T900_GlobalParam>
  <T900_GlobalParam>
    <T900_FirmaNR>TE</T900_FirmaNR>
    <T900_FieldName>TA05WAP</T900_FieldName>
    <T900_FieldValue>1</T900_FieldValue>
    <T900_Par01 />
    <T900_Anlage>2013-05-30T20:46:43.747+02:00</T900_Anlage>
    <T900_Aenderung>2013-05-30T20:46:43.747+02:00</T900_Aenderung>
    <T900_User>#fg</T900_User>
  </T900_GlobalParam>
  <T900_GlobalParam>
    <T900_FirmaNR>TE</T900_FirmaNR>
    <T900_FieldName>WBTOLERANZ_K</T900_FieldName>
    <T900_FieldValue>3</T900_FieldValue>
    <T900_Par01 />
    <T900_Anlage>2013-04-17T09:56:43.603+02:00</T900_Anlage>
    <T900_Aenderung>2013-04-17T09:56:43.603+02:00</T900_Aenderung>
    <T900_User>#fg</T900_User>
  </T900_GlobalParam>
  <T900_GlobalParam>
    <T900_FirmaNR>TE</T900_FirmaNR>
    <T900_FieldName>BELEGNRGK</T900_FieldName>
    <T900_FieldValue>GK1</T900_FieldValue>
    <T900_Par01 />
    <T900_Anlage>2009-12-02T15:33:00+01:00</T900_Anlage>
    <T900_Aenderung>2013-03-21T14:13:35.12+01:00</T900_Aenderung>
    <T900_User>#fg</T900_User>
  </T900_GlobalParam>
  <T900_GlobalParam>
    <T900_FirmaNR>TE</T900_FirmaNR>
    <T900_FieldName>ImpIntervallFA</T900_FieldName>
    <T900_FieldValue>10</T900_FieldValue>
    <T900_Par01 />
    <T900_Anlage>2013-02-22T12:27:30+01:00</T900_Anlage>
    <T900_Aenderung>2013-03-05T08:16:25.613+01:00</T900_Aenderung>
    <T900_User>#fg</T900_User>
  </T900_GlobalParam>
  <T900_GlobalParam>
    <T900_FirmaNR>TE</T900_FirmaNR>
    <T900_FieldName>MODSZE</T900_FieldName>
    <T900_FieldValue>1</T900_FieldValue>
    <T900_Par01 />
    <T900_Anlage>2012-03-08T20:20:15+01:00</T900_Anlage>
    <T900_Aenderung>2013-02-24T22:28:56.93+01:00</T900_Aenderung>
    <T900_User>#fg</T900_User>
  </T900_GlobalParam>
  <T900_GlobalParam>
    <T900_FirmaNR>TE</T900_FirmaNR>
    <T900_FieldName>GridFontSizeTrm</T900_FieldName>
    <T900_FieldValue>12</T900_FieldValue>
    <T900_Par01>Bold</T900_Par01>
    <T900_Anlage>2012-12-19T14:04:45+01:00</T900_Anlage>
    <T900_Aenderung>2012-12-19T14:35:44.243+01:00</T900_Aenderung>
    <T900_User>#fg</T900_User>
  </T900_GlobalParam>
  <T900_GlobalParam>
    <T900_FirmaNR>TE</T900_FirmaNR>
    <T900_FieldName>IMPFILEDELAY</T900_FieldName>
    <T900_FieldValue>1</T900_FieldValue>
    <T900_Par01 />
    <T900_Anlage>2011-03-29T15:35:42+02:00</T900_Anlage>
    <T900_Aenderung>2012-12-04T15:04:16.52+01:00</T900_Aenderung>
    <T900_User>#fg</T900_User>
  </T900_GlobalParam>
  <T900_GlobalParam>
    <T900_FirmaNR>TE</T900_FirmaNR>
    <T900_FieldName>CALWEEKRULE</T900_FieldName>
    <T900_FieldValue>2</T900_FieldValue>
    <T900_Par01 />
    <T900_Anlage>2012-11-07T21:29:32.937+01:00</T900_Anlage>
    <T900_Aenderung>2012-11-07T21:29:32.937+01:00</T900_Aenderung>
    <T900_User>ADM</T900_User>
  </T900_GlobalParam>
  <T900_GlobalParam>
    <T900_FirmaNR>TE</T900_FirmaNR>
    <T900_FieldName>PersNrImp</T900_FieldName>
    <T900_FieldValue>95</T900_FieldValue>
    <T900_Par01 />
    <T900_Anlage>2012-06-20T09:42:45.197+02:00</T900_Anlage>
    <T900_Aenderung>2012-06-20T09:42:45.197+02:00</T900_Aenderung>
    <T900_User>#fg</T900_User>
  </T900_GlobalParam>
  <T900_GlobalParam>
    <T900_FirmaNR>TE</T900_FirmaNR>
    <T900_FieldName>CALCC951</T900_FieldName>
    <T900_FieldValue>02:00:00</T900_FieldValue>
    <T900_Par01>1</T900_Par01>
    <T900_Anlage>2010-01-19T12:03:47+01:00</T900_Anlage>
    <T900_Aenderung>2011-10-12T10:17:51.817+02:00</T900_Aenderung>
    <T900_User>#fg</T900_User>
  </T900_GlobalParam>
  <T900_GlobalParam>
    <T900_FirmaNR>TE</T900_FirmaNR>
    <T900_FieldName>C951_BemKorZeit</T900_FieldName>
    <T900_FieldValue>1</T900_FieldValue>
    <T900_Par01 />
    <T900_Anlage>2011-10-12T07:28:00+02:00</T900_Anlage>
    <T900_Aenderung>2011-10-12T07:28:00+02:00</T900_Aenderung>
    <T900_User>adm</T900_User>
  </T900_GlobalParam>
  <T900_GlobalParam>
    <T900_FirmaNR>TE</T900_FirmaNR>
    <T900_FieldName>LAULGEPL</T900_FieldName>
    <T900_FieldValue>999904</T900_FieldValue>
    <T900_Par01 />
    <T900_Anlage>2011-10-12T07:28:00+02:00</T900_Anlage>
    <T900_Aenderung>2011-10-12T07:28:00+02:00</T900_Aenderung>
    <T900_User>adm</T900_User>
  </T900_GlobalParam>
  <T900_GlobalParam>
    <T900_FirmaNR>TE</T900_FirmaNR>
    <T900_FieldName>IMPERPEF</T900_FieldName>
    <T900_FieldValue>04:45:00</T900_FieldValue>
    <T900_Par01 />
    <T900_Anlage>2011-03-29T15:36:12+02:00</T900_Anlage>
    <T900_Aenderung>2011-05-16T08:52:26.283+02:00</T900_Aenderung>
    <T900_User>#fg</T900_User>
  </T900_GlobalParam>
  <T900_GlobalParam>
    <T900_FirmaNR>TE</T900_FirmaNR>
    <T900_FieldName>LAULRU</T900_FieldName>
    <T900_FieldValue>999905</T900_FieldValue>
    <T900_Par01 />
    <T900_Anlage>2010-01-26T15:57:00+01:00</T900_Anlage>
    <T900_Aenderung>2010-01-26T15:57:00+01:00</T900_Aenderung>
    <T900_User>#fg</T900_User>
  </T900_GlobalParam>
  <T900_GlobalParam>
    <T900_FirmaNR>TE</T900_FirmaNR>
    <T900_FieldName>GLZUEFEHL</T900_FieldName>
    <T900_FieldValue>1</T900_FieldValue>
    <T900_Par01 />
    <T900_Anlage>2010-01-19T12:04:15.813+01:00</T900_Anlage>
    <T900_Aenderung>2010-01-19T12:04:15.813+01:00</T900_Aenderung>
    <T900_User>#fg</T900_User>
  </T900_GlobalParam>
  <T900_GlobalParam>
    <T900_FirmaNR>TE</T900_FirmaNR>
    <T900_FieldName>GLZKGERR</T900_FieldName>
    <T900_FieldValue>1</T900_FieldValue>
    <T900_Par01 />
    <T900_Anlage>2010-01-19T12:04:03.61+01:00</T900_Anlage>
    <T900_Aenderung>2010-01-19T12:04:03.61+01:00</T900_Aenderung>
    <T900_User>#fg</T900_User>
  </T900_GlobalParam>
  <T900_GlobalParam>
    <T900_FirmaNR>TE</T900_FirmaNR>
    <T900_FieldName>GrupKnCalcQF</T900_FieldName>
    <T900_FieldValue>1</T900_FieldValue>
    <T900_Par01 />
    <T900_Anlage>2009-12-02T15:33:00+01:00</T900_Anlage>
    <T900_Aenderung>2009-12-02T15:33:00+01:00</T900_Aenderung>
    <T900_User>adm</T900_User>
  </T900_GlobalParam>
  <T900_GlobalParam>
    <T900_FirmaNR>TE</T900_FirmaNR>
    <T900_FieldName>LAUEBAUSBEZ</T900_FieldName>
    <T900_FieldValue>UEB_4</T900_FieldValue>
    <T900_Par01 />
    <T900_Anlage>2009-12-02T15:33:00+01:00</T900_Anlage>
    <T900_Aenderung>2009-12-02T15:33:00+01:00</T900_Aenderung>
    <T900_User>adm</T900_User>
  </T900_GlobalParam>
  <T900_GlobalParam>
    <T900_FirmaNR>TE</T900_FirmaNR>
    <T900_FieldName>LAUEBNEG</T900_FieldName>
    <T900_FieldValue />
    <T900_Par01 />
    <T900_Anlage>2009-12-02T15:33:00+01:00</T900_Anlage>
    <T900_Aenderung>2009-12-02T15:33:00+01:00</T900_Aenderung>
    <T900_User>adm</T900_User>
  </T900_GlobalParam>
  <T900_GlobalParam>
    <T900_FirmaNR>TE</T900_FirmaNR>
    <T900_FieldName>LAUEBPOS</T900_FieldName>
    <T900_FieldValue />
    <T900_Par01 />
    <T900_Anlage>2009-12-02T15:33:00+01:00</T900_Anlage>
    <T900_Aenderung>2009-12-02T15:33:00+01:00</T900_Aenderung>
    <T900_User>adm</T900_User>
  </T900_GlobalParam>
  <T900_GlobalParam>
    <T900_FirmaNR>TE</T900_FirmaNR>
    <T900_FieldName>KZEMINDATE</T900_FieldName>
    <T900_FieldValue>01.08.2009</T900_FieldValue>
    <T900_Par01 />
    <T900_Anlage>2009-12-02T15:33:00+01:00</T900_Anlage>
    <T900_Aenderung>2009-12-02T15:33:00+01:00</T900_Aenderung>
    <T900_User>adm</T900_User>
  </T900_GlobalParam>
  <T900_GlobalParam>
    <T900_FirmaNR>TE</T900_FirmaNR>
    <T900_FieldName>LAFLEX</T900_FieldName>
    <T900_FieldValue>082</T900_FieldValue>
    <T900_Par01 />
    <T900_Anlage>2009-12-02T15:33:00+01:00</T900_Anlage>
    <T900_Aenderung>2009-12-02T15:33:00+01:00</T900_Aenderung>
    <T900_User>adm</T900_User>
  </T900_GlobalParam>
  <T900_GlobalParam>
    <T900_FirmaNR>TE</T900_FirmaNR>
    <T900_FieldName>LAFLEXPOS</T900_FieldName>
    <T900_FieldValue>088</T900_FieldValue>
    <T900_Par01 />
    <T900_Anlage>2009-12-02T15:33:00+01:00</T900_Anlage>
    <T900_Aenderung>2009-12-02T15:33:00+01:00</T900_Aenderung>
    <T900_User>adm</T900_User>
  </T900_GlobalParam>
  <T900_GlobalParam>
    <T900_FirmaNR>TE</T900_FirmaNR>
    <T900_FieldName>LAFLEXNEG</T900_FieldName>
    <T900_FieldValue>082</T900_FieldValue>
    <T900_Par01 />
    <T900_Anlage>2009-12-02T15:33:00+01:00</T900_Anlage>
    <T900_Aenderung>2009-12-02T15:33:00+01:00</T900_Aenderung>
    <T900_User>adm</T900_User>
  </T900_GlobalParam>
  <T900_GlobalParam>
    <T900_FirmaNR>TE</T900_FirmaNR>
    <T900_FieldName>LAVHZAUSBEZ</T900_FieldName>
    <T900_FieldValue>VHZ_4</T900_FieldValue>
    <T900_Par01 />
    <T900_Anlage>2009-12-02T15:33:00+01:00</T900_Anlage>
    <T900_Aenderung>2009-12-02T15:33:00+01:00</T900_Aenderung>
    <T900_User>adm</T900_User>
  </T900_GlobalParam>
  <T900_GlobalParam>
    <T900_FirmaNR>TE</T900_FirmaNR>
    <T900_FieldName>LAVHZNEG</T900_FieldName>
    <T900_FieldValue>091</T900_FieldValue>
    <T900_Par01 />
    <T900_Anlage>2009-12-02T15:33:00+01:00</T900_Anlage>
    <T900_Aenderung>2009-12-02T15:33:00+01:00</T900_Aenderung>
    <T900_User>adm</T900_User>
  </T900_GlobalParam>
  <T900_GlobalParam>
    <T900_FirmaNR>TE</T900_FirmaNR>
    <T900_FieldName>LAVHZPOS</T900_FieldName>
    <T900_FieldValue>095</T900_FieldValue>
    <T900_Par01 />
    <T900_Anlage>2009-12-02T15:33:00+01:00</T900_Anlage>
    <T900_Aenderung>2009-12-02T15:33:00+01:00</T900_Aenderung>
    <T900_User>adm</T900_User>
  </T900_GlobalParam>
  <T900_GlobalParam>
    <T900_FirmaNR>TE</T900_FirmaNR>
    <T900_FieldName>MBModus</T900_FieldName>
    <T900_FieldValue>LA</T900_FieldValue>
    <T900_Par01 />
    <T900_Anlage>2009-12-02T15:33:00+01:00</T900_Anlage>
    <T900_Aenderung>2009-12-02T15:33:00+01:00</T900_Aenderung>
    <T900_User>adm</T900_User>
  </T900_GlobalParam>
  <T900_GlobalParam>
    <T900_FirmaNR>TE</T900_FirmaNR>
    <T900_FieldName>MBWKTAG</T900_FieldName>
    <T900_FieldValue>0</T900_FieldValue>
    <T900_Par01 />
    <T900_Anlage>2009-12-02T15:33:00+01:00</T900_Anlage>
    <T900_Aenderung>2009-12-02T15:33:00+01:00</T900_Aenderung>
    <T900_User>adm</T900_User>
  </T900_GlobalParam>
  <T900_GlobalParam>
    <T900_FirmaNR>TE</T900_FirmaNR>
    <T900_FieldName>MSGCALCISTZEIT</T900_FieldName>
    <T900_FieldValue>0</T900_FieldValue>
    <T900_Par01 />
    <T900_Anlage>2009-12-02T15:33:00+01:00</T900_Anlage>
    <T900_Aenderung>2009-12-02T15:33:00+01:00</T900_Aenderung>
    <T900_User>adm</T900_User>
  </T900_GlobalParam>
  <T900_GlobalParam>
    <T900_FirmaNR>TE</T900_FirmaNR>
    <T900_FieldName>PAUSEAUTOMINANW</T900_FieldName>
    <T900_FieldValue>0,75</T900_FieldValue>
    <T900_Par01 />
    <T900_Anlage>2009-12-02T15:33:00+01:00</T900_Anlage>
    <T900_Aenderung>2009-12-02T15:33:00+01:00</T900_Aenderung>
    <T900_User>adm</T900_User>
  </T900_GlobalParam>
  <T900_GlobalParam>
    <T900_FirmaNR>TE</T900_FirmaNR>
    <T900_FieldName>LAGLZSALDOVM</T900_FieldName>
    <T900_FieldValue>FLEX_0</T900_FieldValue>
    <T900_Par01 />
    <T900_Anlage>2007-11-14T16:32:16+01:00</T900_Anlage>
    <T900_Aenderung>2009-05-12T17:13:06.157+02:00</T900_Aenderung>
    <T900_User>ADM</T900_User>
  </T900_GlobalParam>
  <T900_GlobalParam>
    <T900_FirmaNR>TE</T900_FirmaNR>
    <T900_FieldName>LAGLZPOS</T900_FieldName>
    <T900_FieldValue>FLEX_1</T900_FieldValue>
    <T900_Par01 />
    <T900_Anlage>2009-03-25T15:21:19+01:00</T900_Anlage>
    <T900_Aenderung>2009-03-25T15:29:13.377+01:00</T900_Aenderung>
    <T900_User>ADM</T900_User>
  </T900_GlobalParam>
  <T900_GlobalParam>
    <T900_FirmaNR>TE</T900_FirmaNR>
    <T900_FieldName>LAGLZNEG</T900_FieldName>
    <T900_FieldValue>FLEX_2</T900_FieldValue>
    <T900_Par01 />
    <T900_Anlage>2009-03-25T15:21:26+01:00</T900_Anlage>
    <T900_Aenderung>2009-03-25T15:29:07.327+01:00</T900_Aenderung>
    <T900_User>ADM</T900_User>
  </T900_GlobalParam>
  <T900_GlobalParam>
    <T900_FirmaNR>TE</T900_FirmaNR>
    <T900_FieldName>LAUEBSALDOVM</T900_FieldName>
    <T900_FieldValue>UEB_0</T900_FieldValue>
    <T900_Par01 />
    <T900_Anlage>2009-03-25T14:52:10.72+01:00</T900_Anlage>
    <T900_Aenderung>2009-03-25T14:52:10.72+01:00</T900_Aenderung>
    <T900_User>ADM</T900_User>
  </T900_GlobalParam>
  <T900_GlobalParam>
    <T900_FirmaNR>TE</T900_FirmaNR>
    <T900_FieldName>LAFLEXSALDOVM</T900_FieldName>
    <T900_FieldValue>FLEX_0</T900_FieldValue>
    <T900_Par01 />
    <T900_Anlage>2009-03-25T14:51:54.453+01:00</T900_Anlage>
    <T900_Aenderung>2009-03-25T14:51:54.453+01:00</T900_Aenderung>
    <T900_User>ADM</T900_User>
  </T900_GlobalParam>
  <T900_GlobalParam>
    <T900_FirmaNR>TE</T900_FirmaNR>
    <T900_FieldName>LAVHZSALDOVM</T900_FieldName>
    <T900_FieldValue>VHZ_0</T900_FieldValue>
    <T900_Par01 />
    <T900_Anlage>2009-03-25T14:51:38.72+01:00</T900_Anlage>
    <T900_Aenderung>2009-03-25T14:51:38.72+01:00</T900_Aenderung>
    <T900_User>ADM</T900_User>
  </T900_GlobalParam>
  <T900_GlobalParam>
    <T900_FirmaNR>TE</T900_FirmaNR>
    <T900_FieldName>MODMBArbeitstag</T900_FieldName>
    <T900_FieldValue>SOLLZEIT</T900_FieldValue>
    <T900_Par01 />
    <T900_Anlage>2009-03-25T14:06:52.827+01:00</T900_Anlage>
    <T900_Aenderung>2009-03-25T14:06:52.827+01:00</T900_Aenderung>
    <T900_User>ADM</T900_User>
  </T900_GlobalParam>
  <T900_GlobalParam>
    <T900_FirmaNR>TE</T900_FirmaNR>
    <T900_FieldName>LAGLZ</T900_FieldName>
    <T900_FieldValue>FLEX_8</T900_FieldValue>
    <T900_Par01 />
    <T900_Anlage>2009-02-17T07:51:31.517+01:00</T900_Anlage>
    <T900_Aenderung>2009-02-17T07:51:31.517+01:00</T900_Aenderung>
    <T900_User>ADM</T900_User>
  </T900_GlobalParam>
  <T900_GlobalParam>
    <T900_FirmaNR>TE</T900_FirmaNR>
    <T900_FieldName>ZeitartAkkord</T900_FieldName>
    <T900_FieldValue>010200</T900_FieldValue>
    <T900_Par01 />
    <T900_Anlage>2008-06-16T14:11:31.657+02:00</T900_Anlage>
    <T900_Aenderung>2008-06-16T14:11:31.657+02:00</T900_Aenderung>
    <T900_User>ADM</T900_User>
  </T900_GlobalParam>
  <T900_GlobalParam>
    <T900_FirmaNR>TE</T900_FirmaNR>
    <T900_FieldName>ZeitartGK</T900_FieldName>
    <T900_FieldValue>010400</T900_FieldValue>
    <T900_Par01 />
    <T900_Anlage>2008-06-16T14:10:42.5+02:00</T900_Anlage>
    <T900_Aenderung>2008-06-16T14:10:42.5+02:00</T900_Aenderung>
    <T900_User>ADM</T900_User>
  </T900_GlobalParam>
  <T900_GlobalParam>
    <T900_FirmaNR>TE</T900_FirmaNR>
    <T900_FieldName>ZeitartZeitlohn</T900_FieldName>
    <T900_FieldValue>010300</T900_FieldValue>
    <T900_Par01 />
    <T900_Anlage>2008-06-16T14:10:23.39+02:00</T900_Anlage>
    <T900_Aenderung>2008-06-16T14:10:23.39+02:00</T900_Aenderung>
    <T900_User>ADM</T900_User>
  </T900_GlobalParam>
  <T900_GlobalParam>
    <T900_FirmaNR>TE</T900_FirmaNR>
    <T900_FieldName>ZeitartKarenz</T900_FieldName>
    <T900_FieldValue>010210</T900_FieldValue>
    <T900_Par01 />
    <T900_Anlage>2008-06-16T14:09:59.5+02:00</T900_Anlage>
    <T900_Aenderung>2008-06-16T14:09:59.5+02:00</T900_Aenderung>
    <T900_User>ADM</T900_User>
  </T900_GlobalParam>
  <T900_GlobalParam>
    <T900_FirmaNR>TE</T900_FirmaNR>
    <T900_FieldName>ZeitartEinarbeitung</T900_FieldName>
    <T900_FieldValue>010200</T900_FieldValue>
    <T900_Par01 />
    <T900_Anlage>2008-06-16T14:01:24.203+02:00</T900_Anlage>
    <T900_Aenderung>2008-06-16T14:01:24.203+02:00</T900_Aenderung>
    <T900_User>ADM</T900_User>
  </T900_GlobalParam>
  <T900_GlobalParam>
    <T900_FirmaNR>TE</T900_FirmaNR>
    <T900_FieldName>LAULKORR</T900_FieldName>
    <T900_FieldValue>999908</T900_FieldValue>
    <T900_Par01 />
    <T900_Anlage>2008-02-07T13:35:21.53+01:00</T900_Anlage>
    <T900_Aenderung>2008-02-07T13:35:21.53+01:00</T900_Aenderung>
    <T900_User>ADM</T900_User>
  </T900_GlobalParam>
  <T900_GlobalParam>
    <T900_FirmaNR>TE</T900_FirmaNR>
    <T900_FieldName>GridFontSize</T900_FieldName>
    <T900_FieldValue>10</T900_FieldValue>
    <T900_Par01 />
    <T900_Anlage>2007-06-21T10:26:51+02:00</T900_Anlage>
    <T900_Aenderung>2008-01-24T08:21:20.893+01:00</T900_Aenderung>
    <T900_User>ADM</T900_User>
  </T900_GlobalParam>
  <T900_GlobalParam>
    <T900_FirmaNR>TE</T900_FirmaNR>
    <T900_FieldName>LAGLZKOR</T900_FieldName>
    <T900_FieldValue>999919</T900_FieldValue>
    <T900_Par01 />
    <T900_Anlage>2007-12-20T15:51:12.86+01:00</T900_Anlage>
    <T900_Aenderung>2007-12-20T15:52:00.53+01:00</T900_Aenderung>
    <T900_User>ADM</T900_User>
  </T900_GlobalParam>
  <T900_GlobalParam>
    <T900_FirmaNR>TE</T900_FirmaNR>
    <T900_FieldName>LAULSALDOVM</T900_FieldName>
    <T900_FieldValue>999901</T900_FieldValue>
    <T900_Par01 />
    <T900_Anlage>2007-11-15T13:19:07.203+01:00</T900_Anlage>
    <T900_Aenderung>2007-12-03T15:24:05.733+01:00</T900_Aenderung>
    <T900_User>ADM</T900_User>
  </T900_GlobalParam>
  <T900_GlobalParam>
    <T900_FirmaNR>TE</T900_FirmaNR>
    <T900_FieldName>LAGLZPERIODE</T900_FieldName>
    <T900_FieldValue>999918</T900_FieldValue>
    <T900_Par01 />
    <T900_Anlage>2007-11-30T13:55:48.437+01:00</T900_Anlage>
    <T900_Aenderung>2007-11-30T13:55:48.437+01:00</T900_Aenderung>
    <T900_User>ADM</T900_User>
  </T900_GlobalParam>
  <T900_GlobalParam>
    <T900_FirmaNR>TE</T900_FirmaNR>
    <T900_FieldName>LAGLNEG</T900_FieldName>
    <T900_FieldValue>000121</T900_FieldValue>
    <T900_Par01 />
    <T900_Anlage>2007-11-29T11:46:13.173+01:00</T900_Anlage>
    <T900_Aenderung>2007-11-29T11:46:13.173+01:00</T900_Aenderung>
    <T900_User>ADM</T900_User>
  </T900_GlobalParam>
  <T900_GlobalParam>
    <T900_FirmaNR>TE</T900_FirmaNR>
    <T900_FieldName>LAGLPOS</T900_FieldName>
    <T900_FieldValue>000122</T900_FieldValue>
    <T900_Par01 />
    <T900_Anlage>2007-11-29T11:46:04.28+01:00</T900_Anlage>
    <T900_Aenderung>2007-11-29T11:46:04.28+01:00</T900_Aenderung>
    <T900_User>ADM</T900_User>
  </T900_GlobalParam>
  <T900_GlobalParam>
    <T900_FirmaNR>TE</T900_FirmaNR>
    <T900_FieldName>ZeitartArbeit</T900_FieldName>
    <T900_FieldValue>010100</T900_FieldValue>
    <T900_Par01 />
    <T900_Anlage>2007-11-22T09:36:07.11+01:00</T900_Anlage>
    <T900_Aenderung>2007-11-22T09:36:07.11+01:00</T900_Aenderung>
    <T900_User>ADM</T900_User>
  </T900_GlobalParam>
  <T900_GlobalParam>
    <T900_FirmaNR>TE</T900_FirmaNR>
    <T900_FieldName>LAULSALDO</T900_FieldName>
    <T900_FieldValue>999909</T900_FieldValue>
    <T900_Par01 />
    <T900_Anlage>2007-11-15T13:19:53.47+01:00</T900_Anlage>
    <T900_Aenderung>2007-11-15T13:19:53.47+01:00</T900_Aenderung>
    <T900_User>ADM</T900_User>
  </T900_GlobalParam>
  <T900_GlobalParam>
    <T900_FirmaNR>TE</T900_FirmaNR>
    <T900_FieldName>LAULAUSBEZ</T900_FieldName>
    <T900_FieldValue>999903</T900_FieldValue>
    <T900_Par01 />
    <T900_Anlage>2007-11-15T13:19:36.407+01:00</T900_Anlage>
    <T900_Aenderung>2007-11-15T13:19:36.407+01:00</T900_Aenderung>
    <T900_User>ADM</T900_User>
  </T900_GlobalParam>
  <T900_GlobalParam>
    <T900_FirmaNR>TE</T900_FirmaNR>
    <T900_FieldName>LAULGEN</T900_FieldName>
    <T900_FieldValue>999902</T900_FieldValue>
    <T900_Par01 />
    <T900_Anlage>2007-11-15T13:19:24.657+01:00</T900_Anlage>
    <T900_Aenderung>2007-11-15T13:19:24.657+01:00</T900_Aenderung>
    <T900_User>ADM</T900_User>
  </T900_GlobalParam>
  <T900_GlobalParam>
    <T900_FirmaNR>TE</T900_FirmaNR>
    <T900_FieldName>LAGLZVER</T900_FieldName>
    <T900_FieldValue>999914</T900_FieldValue>
    <T900_Par01 />
    <T900_Anlage>2007-11-07T10:24:54.53+01:00</T900_Anlage>
    <T900_Aenderung>2007-11-14T16:33:41.953+01:00</T900_Aenderung>
    <T900_User>ADM</T900_User>
  </T900_GlobalParam>
  <T900_GlobalParam>
    <T900_FirmaNR>TE</T900_FirmaNR>
    <T900_FieldName>LAGLZSALDO</T900_FieldName>
    <T900_FieldValue>999920</T900_FieldValue>
    <T900_Par01 />
    <T900_Anlage>2007-11-14T16:31:57.39+01:00</T900_Anlage>
    <T900_Aenderung>2007-11-14T16:31:57.39+01:00</T900_Aenderung>
    <T900_User>ADM</T900_User>
  </T900_GlobalParam>
  <T900_GlobalParam>
    <T900_FirmaNR>TE</T900_FirmaNR>
    <T900_FieldName>ZeitartSonntag</T900_FieldName>
    <T900_FieldValue>999920</T900_FieldValue>
    <T900_Par01 />
    <T900_Anlage>2007-06-21T10:26:51+02:00</T900_Anlage>
    <T900_Aenderung>2007-10-16T17:24:11.273+02:00</T900_Aenderung>
    <T900_User>ADM</T900_User>
  </T900_GlobalParam>
  <T900_GlobalParam>
    <T900_FirmaNR>TE</T900_FirmaNR>
    <T900_FieldName>ZeitartSamstag</T900_FieldName>
    <T900_FieldValue>999910</T900_FieldValue>
    <T900_Par01 />
    <T900_Anlage>2007-06-21T10:26:51+02:00</T900_Anlage>
    <T900_Aenderung>2007-10-16T17:24:03.58+02:00</T900_Aenderung>
    <T900_User>ADM</T900_User>
  </T900_GlobalParam>
  <T900_GlobalParam>
    <T900_FirmaNR>TE</T900_FirmaNR>
    <T900_FieldName>ZeitartFeiertag</T900_FieldName>
    <T900_FieldValue>999900</T900_FieldValue>
    <T900_Par01 />
    <T900_Anlage>2007-06-21T10:26:51+02:00</T900_Anlage>
    <T900_Aenderung>2007-10-16T17:23:53.293+02:00</T900_Aenderung>
    <T900_User>ADM</T900_User>
  </T900_GlobalParam>
</NewDataSet>