<?xml version="1.0" standalone="yes"?>
<NewDataSet>
  <T904_Kostenstellen>
    <T904_FirmaNR>TE</T904_FirmaNR>
    <T904_NR>SB04_3</T904_NR>
    <T904_NRExtern />
    <T904_Bez>Export ReklaKlein</T904_Bez>
    <T904_GruppeNr>34</T904_GruppeNr>
    <T904_AnzPers>0</T904_AnzPers>
    <T904_FaktKap>0</T904_FaktKap>
    <T904_KostSatz>0</T904_KostSatz>
    <T904_QsGR />
    <T904_KstRueckArt />
    <T904_BildName />
    <T904_Anlage>2023-01-11T08:24:25+01:00</T904_Anlage>
    <T904_Aenderung>2023-02-24T09:20:02.83+01:00</T904_Aenderung>
    <T904_User>#fg</T904_User>
  </T904_Kostenstellen>
  <T904_Kostenstellen>
    <T904_FirmaNR>TE</T904_FirmaNR>
    <T904_NR>SB04</T904_NR>
    <T904_NRExtern />
    <T904_Bez>Export</T904_Bez>
    <T904_GruppeNr>34</T904_GruppeNr>
    <T904_AnzPers>0</T904_AnzPers>
    <T904_FaktKap>0</T904_FaktKap>
    <T904_KostSatz>0</T904_KostSatz>
    <T904_QsGR />
    <T904_KstRueckArt />
    <T904_BildName />
    <T904_Anlage>2022-10-14T11:31:06+02:00</T904_Anlage>
    <T904_Aenderung>2023-02-24T09:19:56.64+01:00</T904_Aenderung>
    <T904_User>#fg</T904_User>
  </T904_Kostenstellen>
  <T904_Kostenstellen>
    <T904_FirmaNR>TE</T904_FirmaNR>
    <T904_NR>SB03_3</T904_NR>
    <T904_NRExtern />
    <T904_Bez>OPD ReklaKlein</T904_Bez>
    <T904_GruppeNr>33</T904_GruppeNr>
    <T904_AnzPers>0</T904_AnzPers>
    <T904_FaktKap>0</T904_FaktKap>
    <T904_KostSatz>0</T904_KostSatz>
    <T904_QsGR />
    <T904_KstRueckArt />
    <T904_BildName />
    <T904_Anlage>2023-01-11T08:23:23+01:00</T904_Anlage>
    <T904_Aenderung>2023-02-24T09:19:48.797+01:00</T904_Aenderung>
    <T904_User>#fg</T904_User>
  </T904_Kostenstellen>
  <T904_Kostenstellen>
    <T904_FirmaNR>TE</T904_FirmaNR>
    <T904_NR>SB03</T904_NR>
    <T904_NRExtern />
    <T904_Bez>OPD</T904_Bez>
    <T904_GruppeNr>33</T904_GruppeNr>
    <T904_AnzPers>0</T904_AnzPers>
    <T904_FaktKap>0</T904_FaktKap>
    <T904_KostSatz>0</T904_KostSatz>
    <T904_QsGR />
    <T904_KstRueckArt />
    <T904_BildName />
    <T904_Anlage>2022-10-14T11:30:42+02:00</T904_Anlage>
    <T904_Aenderung>2023-02-24T09:19:42.61+01:00</T904_Aenderung>
    <T904_User>#fg</T904_User>
  </T904_Kostenstellen>
  <T904_Kostenstellen>
    <T904_FirmaNR>TE</T904_FirmaNR>
    <T904_NR>SB02_3</T904_NR>
    <T904_NRExtern />
    <T904_Bez>OP Diana ReklaKlein</T904_Bez>
    <T904_GruppeNr>32</T904_GruppeNr>
    <T904_AnzPers>0</T904_AnzPers>
    <T904_FaktKap>0</T904_FaktKap>
    <T904_KostSatz>0</T904_KostSatz>
    <T904_QsGR />
    <T904_KstRueckArt />
    <T904_BildName />
    <T904_Anlage>2023-01-11T08:22:00+01:00</T904_Anlage>
    <T904_Aenderung>2023-02-24T09:19:35.91+01:00</T904_Aenderung>
    <T904_User>#fg</T904_User>
  </T904_Kostenstellen>
  <T904_Kostenstellen>
    <T904_FirmaNR>TE</T904_FirmaNR>
    <T904_NR>SB02</T904_NR>
    <T904_NRExtern />
    <T904_Bez>OP Diana</T904_Bez>
    <T904_GruppeNr>32</T904_GruppeNr>
    <T904_AnzPers>0</T904_AnzPers>
    <T904_FaktKap>0</T904_FaktKap>
    <T904_KostSatz>0</T904_KostSatz>
    <T904_QsGR />
    <T904_KstRueckArt />
    <T904_BildName />
    <T904_Anlage>2022-10-14T11:30:16+02:00</T904_Anlage>
    <T904_Aenderung>2023-02-24T09:19:31.283+01:00</T904_Aenderung>
    <T904_User>#fg</T904_User>
  </T904_Kostenstellen>
  <T904_Kostenstellen>
    <T904_FirmaNR>TE</T904_FirmaNR>
    <T904_NR>SB01_3</T904_NR>
    <T904_NRExtern />
    <T904_Bez>OP Anna-Lena ReklaKlein</T904_Bez>
    <T904_GruppeNr>31</T904_GruppeNr>
    <T904_AnzPers>0</T904_AnzPers>
    <T904_FaktKap>0</T904_FaktKap>
    <T904_KostSatz>0</T904_KostSatz>
    <T904_QsGR />
    <T904_KstRueckArt />
    <T904_BildName />
    <T904_Anlage>2023-01-11T08:19:46+01:00</T904_Anlage>
    <T904_Aenderung>2023-02-24T09:19:24.08+01:00</T904_Aenderung>
    <T904_User>#fg</T904_User>
  </T904_Kostenstellen>
  <T904_Kostenstellen>
    <T904_FirmaNR>TE</T904_FirmaNR>
    <T904_NR>SB01</T904_NR>
    <T904_NRExtern />
    <T904_Bez>OP Anna-Lena</T904_Bez>
    <T904_GruppeNr>31</T904_GruppeNr>
    <T904_AnzPers>0</T904_AnzPers>
    <T904_FaktKap>0</T904_FaktKap>
    <T904_KostSatz>0</T904_KostSatz>
    <T904_QsGR />
    <T904_KstRueckArt />
    <T904_BildName />
    <T904_Anlage>2022-10-14T11:29:45+02:00</T904_Anlage>
    <T904_Aenderung>2023-02-24T09:19:06.783+01:00</T904_Aenderung>
    <T904_User>#fg</T904_User>
  </T904_Kostenstellen>
  <T904_Kostenstellen>
    <T904_FirmaNR>TE</T904_FirmaNR>
    <T904_NR>KSB01</T904_NR>
    <T904_NRExtern />
    <T904_Bez>OPAnna-Lena</T904_Bez>
    <T904_GruppeNr>30</T904_GruppeNr>
    <T904_AnzPers>0</T904_AnzPers>
    <T904_FaktKap>0</T904_FaktKap>
    <T904_KostSatz>0</T904_KostSatz>
    <T904_QsGR />
    <T904_KstRueckArt />
    <T904_BildName />
    <T904_Anlage>2023-02-24T09:17:25+01:00</T904_Anlage>
    <T904_Aenderung>2023-02-24T09:17:25+01:00</T904_Aenderung>
    <T904_User>#fg</T904_User>
  </T904_Kostenstellen>
  <T904_Kostenstellen>
    <T904_FirmaNR>TE</T904_FirmaNR>
    <T904_NR>KSB02</T904_NR>
    <T904_NRExtern />
    <T904_Bez>OPDiana</T904_Bez>
    <T904_GruppeNr>30</T904_GruppeNr>
    <T904_AnzPers>0</T904_AnzPers>
    <T904_FaktKap>0</T904_FaktKap>
    <T904_KostSatz>0</T904_KostSatz>
    <T904_QsGR />
    <T904_KstRueckArt />
    <T904_BildName />
    <T904_Anlage>2023-02-24T09:17:25+01:00</T904_Anlage>
    <T904_Aenderung>2023-02-24T09:17:25+01:00</T904_Aenderung>
    <T904_User>#fg</T904_User>
  </T904_Kostenstellen>
  <T904_Kostenstellen>
    <T904_FirmaNR>TE</T904_FirmaNR>
    <T904_NR>KSB03</T904_NR>
    <T904_NRExtern />
    <T904_Bez>OPDeutschland</T904_Bez>
    <T904_GruppeNr>30</T904_GruppeNr>
    <T904_AnzPers>0</T904_AnzPers>
    <T904_FaktKap>0</T904_FaktKap>
    <T904_KostSatz>0</T904_KostSatz>
    <T904_QsGR />
    <T904_KstRueckArt />
    <T904_BildName />
    <T904_Anlage>2023-02-24T09:17:25+01:00</T904_Anlage>
    <T904_Aenderung>2023-02-24T09:17:25+01:00</T904_Aenderung>
    <T904_User>#fg</T904_User>
  </T904_Kostenstellen>
  <T904_Kostenstellen>
    <T904_FirmaNR>TE</T904_FirmaNR>
    <T904_NR>KSB04</T904_NR>
    <T904_NRExtern />
    <T904_Bez>OPExport</T904_Bez>
    <T904_GruppeNr>30</T904_GruppeNr>
    <T904_AnzPers>0</T904_AnzPers>
    <T904_FaktKap>0</T904_FaktKap>
    <T904_KostSatz>0</T904_KostSatz>
    <T904_QsGR />
    <T904_KstRueckArt />
    <T904_BildName />
    <T904_Anlage>2023-02-24T09:17:25+01:00</T904_Anlage>
    <T904_Aenderung>2023-02-24T09:17:25+01:00</T904_Aenderung>
    <T904_User>#fg</T904_User>
  </T904_Kostenstellen>
  <T904_Kostenstellen>
    <T904_FirmaNR>TE</T904_FirmaNR>
    <T904_NR>KSB08</T904_NR>
    <T904_NRExtern />
    <T904_Bez>Diverse</T904_Bez>
    <T904_GruppeNr>30</T904_GruppeNr>
    <T904_AnzPers>0</T904_AnzPers>
    <T904_FaktKap>0</T904_FaktKap>
    <T904_KostSatz>0</T904_KostSatz>
    <T904_QsGR />
    <T904_KstRueckArt />
    <T904_BildName />
    <T904_Anlage>2023-02-24T09:17:25+01:00</T904_Anlage>
    <T904_Aenderung>2023-02-24T09:17:25+01:00</T904_Aenderung>
    <T904_User>#fg</T904_User>
  </T904_Kostenstellen>
  <T904_Kostenstellen>
    <T904_FirmaNR>TE</T904_FirmaNR>
    <T904_NR>SB08_3</T904_NR>
    <T904_NRExtern />
    <T904_Bez>Diverse Rekla</T904_Bez>
    <T904_GruppeNr>30</T904_GruppeNr>
    <T904_AnzPers>0</T904_AnzPers>
    <T904_FaktKap>0</T904_FaktKap>
    <T904_KostSatz>0</T904_KostSatz>
    <T904_QsGR />
    <T904_KstRueckArt />
    <T904_BildName />
    <T904_Anlage>2023-02-24T09:17:25+01:00</T904_Anlage>
    <T904_Aenderung>2023-02-24T09:17:25+01:00</T904_Aenderung>
    <T904_User>#fg</T904_User>
  </T904_Kostenstellen>
  <T904_Kostenstellen>
    <T904_FirmaNR>TE</T904_FirmaNR>
    <T904_NR>SB08</T904_NR>
    <T904_NRExtern />
    <T904_Bez>Diverse</T904_Bez>
    <T904_GruppeNr>30</T904_GruppeNr>
    <T904_AnzPers>0</T904_AnzPers>
    <T904_FaktKap>0</T904_FaktKap>
    <T904_KostSatz>0</T904_KostSatz>
    <T904_QsGR />
    <T904_KstRueckArt />
    <T904_BildName />
    <T904_Anlage>2023-02-21T08:38:29.293+01:00</T904_Anlage>
    <T904_Aenderung>2023-02-21T08:38:29.293+01:00</T904_Aenderung>
    <T904_User>tschneider</T904_User>
  </T904_Kostenstellen>
  <T904_Kostenstellen>
    <T904_FirmaNR>TE</T904_FirmaNR>
    <T904_NR>1230</T904_NR>
    <T904_NRExtern />
    <T904_Bez>Kehrmaschine GT</T904_Bez>
    <T904_GruppeNr>110</T904_GruppeNr>
    <T904_AnzPers>0</T904_AnzPers>
    <T904_FaktKap>0</T904_FaktKap>
    <T904_KostSatz>0</T904_KostSatz>
    <T904_QsGR />
    <T904_KstRueckArt />
    <T904_BildName />
    <T904_Anlage>2023-01-11T12:44:57+01:00</T904_Anlage>
    <T904_Aenderung>2023-01-11T12:45:21.547+01:00</T904_Aenderung>
    <T904_User>tschneider</T904_User>
  </T904_Kostenstellen>
  <T904_Kostenstellen>
    <T904_FirmaNR>TE</T904_FirmaNR>
    <T904_NR>K1204</T904_NR>
    <T904_NRExtern />
    <T904_Bez>SK/AZ montieren</T904_Bez>
    <T904_GruppeNr>12</T904_GruppeNr>
    <T904_AnzPers>0</T904_AnzPers>
    <T904_FaktKap>0</T904_FaktKap>
    <T904_KostSatz>0</T904_KostSatz>
    <T904_QsGR />
    <T904_KstRueckArt />
    <T904_BildName />
    <T904_Anlage>2022-11-21T08:16:18+01:00</T904_Anlage>
    <T904_Aenderung>2022-11-21T12:03:47.24+01:00</T904_Aenderung>
    <T904_User>tschneider</T904_User>
  </T904_Kostenstellen>
  <T904_Kostenstellen>
    <T904_FirmaNR>TE</T904_FirmaNR>
    <T904_NR>K1203</T904_NR>
    <T904_NRExtern />
    <T904_Bez>Presse 3</T904_Bez>
    <T904_GruppeNr>12</T904_GruppeNr>
    <T904_AnzPers>0</T904_AnzPers>
    <T904_FaktKap>0</T904_FaktKap>
    <T904_KostSatz>0</T904_KostSatz>
    <T904_QsGR />
    <T904_KstRueckArt />
    <T904_BildName />
    <T904_Anlage>2022-11-21T08:15:33+01:00</T904_Anlage>
    <T904_Aenderung>2022-11-21T11:23:45.96+01:00</T904_Aenderung>
    <T904_User>tschneider</T904_User>
  </T904_Kostenstellen>
  <T904_Kostenstellen>
    <T904_FirmaNR>TE</T904_FirmaNR>
    <T904_NR>K1202</T904_NR>
    <T904_NRExtern />
    <T904_Bez>Presse 2</T904_Bez>
    <T904_GruppeNr>12</T904_GruppeNr>
    <T904_AnzPers>0</T904_AnzPers>
    <T904_FaktKap>0</T904_FaktKap>
    <T904_KostSatz>0</T904_KostSatz>
    <T904_QsGR />
    <T904_KstRueckArt />
    <T904_BildName />
    <T904_Anlage>2022-11-21T08:15:10+01:00</T904_Anlage>
    <T904_Aenderung>2022-11-21T11:22:59.633+01:00</T904_Aenderung>
    <T904_User>tschneider</T904_User>
  </T904_Kostenstellen>
  <T904_Kostenstellen>
    <T904_FirmaNR>TE</T904_FirmaNR>
    <T904_NR>K1201</T904_NR>
    <T904_NRExtern />
    <T904_Bez>Presse 1</T904_Bez>
    <T904_GruppeNr>12</T904_GruppeNr>
    <T904_AnzPers>0</T904_AnzPers>
    <T904_FaktKap>0</T904_FaktKap>
    <T904_KostSatz>0</T904_KostSatz>
    <T904_QsGR />
    <T904_KstRueckArt />
    <T904_BildName />
    <T904_Anlage>2022-11-21T08:14:40+01:00</T904_Anlage>
    <T904_Aenderung>2022-11-21T11:22:34.133+01:00</T904_Aenderung>
    <T904_User>tschneider</T904_User>
  </T904_Kostenstellen>
  <T904_Kostenstellen>
    <T904_FirmaNR>TE</T904_FirmaNR>
    <T904_NR>K505</T904_NR>
    <T904_NRExtern />
    <T904_Bez>Krallen</T904_Bez>
    <T904_GruppeNr>05</T904_GruppeNr>
    <T904_AnzPers>0</T904_AnzPers>
    <T904_FaktKap>0</T904_FaktKap>
    <T904_KostSatz>0</T904_KostSatz>
    <T904_QsGR />
    <T904_KstRueckArt />
    <T904_BildName />
    <T904_Anlage>2022-11-21T08:52:46.673+01:00</T904_Anlage>
    <T904_Aenderung>2022-11-21T08:52:46.673+01:00</T904_Aenderung>
    <T904_User>tschneider</T904_User>
  </T904_Kostenstellen>
  <T904_Kostenstellen>
    <T904_FirmaNR>TE</T904_FirmaNR>
    <T904_NR>K504</T904_NR>
    <T904_NRExtern />
    <T904_Bez>Bereitstellung</T904_Bez>
    <T904_GruppeNr>05</T904_GruppeNr>
    <T904_AnzPers>0</T904_AnzPers>
    <T904_FaktKap>0</T904_FaktKap>
    <T904_KostSatz>0</T904_KostSatz>
    <T904_QsGR />
    <T904_KstRueckArt />
    <T904_BildName />
    <T904_Anlage>2022-11-21T08:32:38.237+01:00</T904_Anlage>
    <T904_Aenderung>2022-11-21T08:32:38.237+01:00</T904_Aenderung>
    <T904_User>tschneider</T904_User>
  </T904_Kostenstellen>
  <T904_Kostenstellen>
    <T904_FirmaNR>TE</T904_FirmaNR>
    <T904_NR>K503</T904_NR>
    <T904_NRExtern />
    <T904_Bez>P+H Alt</T904_Bez>
    <T904_GruppeNr>05</T904_GruppeNr>
    <T904_AnzPers>0</T904_AnzPers>
    <T904_FaktKap>0</T904_FaktKap>
    <T904_KostSatz>0</T904_KostSatz>
    <T904_QsGR />
    <T904_KstRueckArt />
    <T904_BildName />
    <T904_Anlage>2022-11-21T08:30:25+01:00</T904_Anlage>
    <T904_Aenderung>2022-11-21T08:32:03.253+01:00</T904_Aenderung>
    <T904_User>tschneider</T904_User>
  </T904_Kostenstellen>
  <T904_Kostenstellen>
    <T904_FirmaNR>TE</T904_FirmaNR>
    <T904_NR>K502</T904_NR>
    <T904_NRExtern />
    <T904_Bez>P+H Blenden</T904_Bez>
    <T904_GruppeNr>05</T904_GruppeNr>
    <T904_AnzPers>0</T904_AnzPers>
    <T904_FaktKap>0</T904_FaktKap>
    <T904_KostSatz>0</T904_KostSatz>
    <T904_QsGR />
    <T904_KstRueckArt />
    <T904_BildName />
    <T904_Anlage>2022-11-21T08:30:06+01:00</T904_Anlage>
    <T904_Aenderung>2022-11-21T08:31:50.473+01:00</T904_Aenderung>
    <T904_User>tschneider</T904_User>
  </T904_Kostenstellen>
  <T904_Kostenstellen>
    <T904_FirmaNR>TE</T904_FirmaNR>
    <T904_NR>K501</T904_NR>
    <T904_NRExtern />
    <T904_Bez>P+H Türen</T904_Bez>
    <T904_GruppeNr>05</T904_GruppeNr>
    <T904_AnzPers>0</T904_AnzPers>
    <T904_FaktKap>0</T904_FaktKap>
    <T904_KostSatz>0</T904_KostSatz>
    <T904_QsGR />
    <T904_KstRueckArt />
    <T904_BildName />
    <T904_Anlage>2022-11-21T08:29:28+01:00</T904_Anlage>
    <T904_Aenderung>2022-11-21T08:31:36.723+01:00</T904_Aenderung>
    <T904_User>tschneider</T904_User>
  </T904_Kostenstellen>
  <T904_Kostenstellen>
    <T904_FirmaNR>TE</T904_FirmaNR>
    <T904_NR>K6527</T904_NR>
    <T904_NRExtern />
    <T904_Bez>Umreifung Stern Band</T904_Bez>
    <T904_GruppeNr>06</T904_GruppeNr>
    <T904_AnzPers>0</T904_AnzPers>
    <T904_FaktKap>0</T904_FaktKap>
    <T904_KostSatz>0</T904_KostSatz>
    <T904_QsGR />
    <T904_KstRueckArt />
    <T904_BildName />
    <T904_Anlage>2022-11-21T07:29:58+01:00</T904_Anlage>
    <T904_Aenderung>2022-11-21T07:58:43.2+01:00</T904_Aenderung>
    <T904_User>tschneider</T904_User>
  </T904_Kostenstellen>
  <T904_Kostenstellen>
    <T904_FirmaNR>TE</T904_FirmaNR>
    <T904_NR>K601</T904_NR>
    <T904_NRExtern />
    <T904_Bez>MAW und Handmontage</T904_Bez>
    <T904_GruppeNr>06</T904_GruppeNr>
    <T904_AnzPers>0</T904_AnzPers>
    <T904_FaktKap>0</T904_FaktKap>
    <T904_KostSatz>0</T904_KostSatz>
    <T904_QsGR />
    <T904_KstRueckArt />
    <T904_BildName />
    <T904_Anlage>2022-11-21T07:44:59+01:00</T904_Anlage>
    <T904_Aenderung>2022-11-21T07:57:04.87+01:00</T904_Aenderung>
    <T904_User>tschneider</T904_User>
  </T904_Kostenstellen>
  <T904_Kostenstellen>
    <T904_FirmaNR>TE</T904_FirmaNR>
    <T904_NR>K605</T904_NR>
    <T904_NRExtern />
    <T904_Bez>Sockelfußautomat</T904_Bez>
    <T904_GruppeNr>06</T904_GruppeNr>
    <T904_AnzPers>0</T904_AnzPers>
    <T904_FaktKap>0</T904_FaktKap>
    <T904_KostSatz>0</T904_KostSatz>
    <T904_QsGR />
    <T904_KstRueckArt />
    <T904_BildName />
    <T904_Anlage>2022-11-21T07:47:21.47+01:00</T904_Anlage>
    <T904_Aenderung>2022-11-21T07:47:21.47+01:00</T904_Aenderung>
    <T904_User>tschneider</T904_User>
  </T904_Kostenstellen>
  <T904_Kostenstellen>
    <T904_FirmaNR>TE</T904_FirmaNR>
    <T904_NR>K604</T904_NR>
    <T904_NRExtern />
    <T904_Bez>Stern Verpackung</T904_Bez>
    <T904_GruppeNr>06</T904_GruppeNr>
    <T904_AnzPers>0</T904_AnzPers>
    <T904_FaktKap>0</T904_FaktKap>
    <T904_KostSatz>0</T904_KostSatz>
    <T904_QsGR />
    <T904_KstRueckArt />
    <T904_BildName />
    <T904_Anlage>2022-11-21T07:46:40.83+01:00</T904_Anlage>
    <T904_Aenderung>2022-11-21T07:46:40.83+01:00</T904_Aenderung>
    <T904_User>tschneider</T904_User>
  </T904_Kostenstellen>
  <T904_Kostenstellen>
    <T904_FirmaNR>TE</T904_FirmaNR>
    <T904_NR>K603</T904_NR>
    <T904_NRExtern />
    <T904_Bez>Stern Montage</T904_Bez>
    <T904_GruppeNr>06</T904_GruppeNr>
    <T904_AnzPers>0</T904_AnzPers>
    <T904_FaktKap>0</T904_FaktKap>
    <T904_KostSatz>0</T904_KostSatz>
    <T904_QsGR />
    <T904_KstRueckArt />
    <T904_BildName />
    <T904_Anlage>2022-11-21T07:46:16.267+01:00</T904_Anlage>
    <T904_Aenderung>2022-11-21T07:46:16.267+01:00</T904_Aenderung>
    <T904_User>tschneider</T904_User>
  </T904_Kostenstellen>
  <T904_Kostenstellen>
    <T904_FirmaNR>TE</T904_FirmaNR>
    <T904_NR>K602</T904_NR>
    <T904_NRExtern />
    <T904_Bez>Stern Presse</T904_Bez>
    <T904_GruppeNr>06</T904_GruppeNr>
    <T904_AnzPers>0</T904_AnzPers>
    <T904_FaktKap>0</T904_FaktKap>
    <T904_KostSatz>0</T904_KostSatz>
    <T904_QsGR />
    <T904_KstRueckArt />
    <T904_BildName />
    <T904_Anlage>2022-11-21T07:45:51.143+01:00</T904_Anlage>
    <T904_Aenderung>2022-11-21T07:45:51.143+01:00</T904_Aenderung>
    <T904_User>tschneider</T904_User>
  </T904_Kostenstellen>
  <T904_Kostenstellen>
    <T904_FirmaNR>TE</T904_FirmaNR>
    <T904_NR>1115</T904_NR>
    <T904_NRExtern />
    <T904_Bez>Instandh. GT</T904_Bez>
    <T904_GruppeNr>110</T904_GruppeNr>
    <T904_AnzPers>0</T904_AnzPers>
    <T904_FaktKap>0</T904_FaktKap>
    <T904_KostSatz>0</T904_KostSatz>
    <T904_QsGR />
    <T904_KstRueckArt />
    <T904_BildName />
    <T904_Anlage>2022-11-18T15:01:34.07+01:00</T904_Anlage>
    <T904_Aenderung>2022-11-18T15:01:34.07+01:00</T904_Aenderung>
    <T904_User>tschneider</T904_User>
  </T904_Kostenstellen>
  <T904_Kostenstellen>
    <T904_FirmaNR>TE</T904_FirmaNR>
    <T904_NR>SB07</T904_NR>
    <T904_NRExtern />
    <T904_Bez>Kaufm. Auszubildende(r)</T904_Bez>
    <T904_GruppeNr>30</T904_GruppeNr>
    <T904_AnzPers>0</T904_AnzPers>
    <T904_FaktKap>0</T904_FaktKap>
    <T904_KostSatz>0</T904_KostSatz>
    <T904_QsGR />
    <T904_KstRueckArt />
    <T904_BildName />
    <T904_Anlage>2022-10-28T10:54:11.74+02:00</T904_Anlage>
    <T904_Aenderung>2022-10-28T10:54:11.74+02:00</T904_Aenderung>
    <T904_User>tschneider</T904_User>
  </T904_Kostenstellen>
  <T904_Kostenstellen>
    <T904_FirmaNR>TE</T904_FirmaNR>
    <T904_NR>K2402</T904_NR>
    <T904_NRExtern />
    <T904_Bez>Platz Hermann</T904_Bez>
    <T904_GruppeNr>24</T904_GruppeNr>
    <T904_AnzPers>0</T904_AnzPers>
    <T904_FaktKap>0</T904_FaktKap>
    <T904_KostSatz>0</T904_KostSatz>
    <T904_QsGR />
    <T904_KstRueckArt />
    <T904_BildName />
    <T904_Anlage>2022-10-20T14:55:31.55+02:00</T904_Anlage>
    <T904_Aenderung>2022-10-20T14:55:31.55+02:00</T904_Aenderung>
    <T904_User>tschneider</T904_User>
  </T904_Kostenstellen>
  <T904_Kostenstellen>
    <T904_FirmaNR>TE</T904_FirmaNR>
    <T904_NR>K2401</T904_NR>
    <T904_NRExtern />
    <T904_Bez>Packsize Bünde</T904_Bez>
    <T904_GruppeNr>24</T904_GruppeNr>
    <T904_AnzPers>0</T904_AnzPers>
    <T904_FaktKap>0</T904_FaktKap>
    <T904_KostSatz>0</T904_KostSatz>
    <T904_QsGR />
    <T904_KstRueckArt />
    <T904_BildName />
    <T904_Anlage>2022-10-20T14:55:04.533+02:00</T904_Anlage>
    <T904_Aenderung>2022-10-20T14:55:04.533+02:00</T904_Aenderung>
    <T904_User>tschneider</T904_User>
  </T904_Kostenstellen>
  <T904_Kostenstellen>
    <T904_FirmaNR>TE</T904_FirmaNR>
    <T904_NR>SB06</T904_NR>
    <T904_NRExtern />
    <T904_Bez>Marketing</T904_Bez>
    <T904_GruppeNr>30</T904_GruppeNr>
    <T904_AnzPers>0</T904_AnzPers>
    <T904_FaktKap>0</T904_FaktKap>
    <T904_KostSatz>0</T904_KostSatz>
    <T904_QsGR />
    <T904_KstRueckArt />
    <T904_BildName />
    <T904_Anlage>2022-10-14T11:32:14.683+02:00</T904_Anlage>
    <T904_Aenderung>2022-10-14T11:32:14.683+02:00</T904_Aenderung>
    <T904_User>tschneider</T904_User>
  </T904_Kostenstellen>
  <T904_Kostenstellen>
    <T904_FirmaNR>TE</T904_FirmaNR>
    <T904_NR>SB05</T904_NR>
    <T904_NRExtern />
    <T904_Bez>Stabstelle</T904_Bez>
    <T904_GruppeNr>30</T904_GruppeNr>
    <T904_AnzPers>0</T904_AnzPers>
    <T904_FaktKap>0</T904_FaktKap>
    <T904_KostSatz>0</T904_KostSatz>
    <T904_QsGR />
    <T904_KstRueckArt />
    <T904_BildName />
    <T904_Anlage>2022-10-14T11:31:42.153+02:00</T904_Anlage>
    <T904_Aenderung>2022-10-14T11:31:42.153+02:00</T904_Aenderung>
    <T904_User>tschneider</T904_User>
  </T904_Kostenstellen>
  <T904_Kostenstellen>
    <T904_FirmaNR>TE</T904_FirmaNR>
    <T904_NR>K1803</T904_NR>
    <T904_NRExtern />
    <T904_Bez>Griffschalen</T904_Bez>
    <T904_GruppeNr>18</T904_GruppeNr>
    <T904_AnzPers>0</T904_AnzPers>
    <T904_FaktKap>0</T904_FaktKap>
    <T904_KostSatz>0</T904_KostSatz>
    <T904_QsGR />
    <T904_KstRueckArt />
    <T904_BildName />
    <T904_Anlage>2022-09-27T10:21:22.373+02:00</T904_Anlage>
    <T904_Aenderung>2022-09-27T10:21:22.373+02:00</T904_Aenderung>
    <T904_User>tschneider</T904_User>
  </T904_Kostenstellen>
  <T904_Kostenstellen>
    <T904_FirmaNR>TE</T904_FirmaNR>
    <T904_NR>K1801</T904_NR>
    <T904_NRExtern />
    <T904_Bez>BIMA Bünde</T904_Bez>
    <T904_GruppeNr>18</T904_GruppeNr>
    <T904_AnzPers>0</T904_AnzPers>
    <T904_FaktKap>0</T904_FaktKap>
    <T904_KostSatz>0</T904_KostSatz>
    <T904_QsGR />
    <T904_KstRueckArt />
    <T904_BildName />
    <T904_Anlage>2022-09-27T10:18:44+02:00</T904_Anlage>
    <T904_Aenderung>2022-09-27T10:20:57.093+02:00</T904_Aenderung>
    <T904_User>tschneider</T904_User>
  </T904_Kostenstellen>
  <T904_Kostenstellen>
    <T904_FirmaNR>TE</T904_FirmaNR>
    <T904_NR>K1802</T904_NR>
    <T904_NRExtern />
    <T904_Bez>MAW BAZ</T904_Bez>
    <T904_GruppeNr>18</T904_GruppeNr>
    <T904_AnzPers>0</T904_AnzPers>
    <T904_FaktKap>0</T904_FaktKap>
    <T904_KostSatz>0</T904_KostSatz>
    <T904_QsGR />
    <T904_KstRueckArt />
    <T904_BildName />
    <T904_Anlage>2022-09-27T10:20:43.077+02:00</T904_Anlage>
    <T904_Aenderung>2022-09-27T10:20:43.077+02:00</T904_Aenderung>
    <T904_User>tschneider</T904_User>
  </T904_Kostenstellen>
  <T904_Kostenstellen>
    <T904_FirmaNR>TE</T904_FirmaNR>
    <T904_NR>E0001</T904_NR>
    <T904_NRExtern />
    <T904_Bez>Auftragsbearbeitung</T904_Bez>
    <T904_GruppeNr>30</T904_GruppeNr>
    <T904_AnzPers>0</T904_AnzPers>
    <T904_FaktKap>0</T904_FaktKap>
    <T904_KostSatz>0</T904_KostSatz>
    <T904_QsGR>0</T904_QsGR>
    <T904_KstRueckArt />
    <T904_BildName />
    <T904_Anlage>2022-09-22T14:57:17+02:00</T904_Anlage>
    <T904_Aenderung>2022-09-22T14:57:17+02:00</T904_Aenderung>
    <T904_User>#fg</T904_User>
  </T904_Kostenstellen>
  <T904_Kostenstellen>
    <T904_FirmaNR>TE</T904_FirmaNR>
    <T904_NR>W001</T904_NR>
    <T904_NRExtern />
    <T904_Bez>Werk</T904_Bez>
    <T904_GruppeNr>90</T904_GruppeNr>
    <T904_AnzPers>0</T904_AnzPers>
    <T904_FaktKap>0</T904_FaktKap>
    <T904_KostSatz>0</T904_KostSatz>
    <T904_QsGR>0</T904_QsGR>
    <T904_KstRueckArt />
    <T904_BildName />
    <T904_Anlage>2022-09-22T14:57:17+02:00</T904_Anlage>
    <T904_Aenderung>2022-09-22T14:57:17+02:00</T904_Aenderung>
    <T904_User>#fg</T904_User>
  </T904_Kostenstellen>
  <T904_Kostenstellen>
    <T904_FirmaNR>TE</T904_FirmaNR>
    <T904_NR>WK1</T904_NR>
    <T904_NRExtern />
    <T904_Bez>Fertigung</T904_Bez>
    <T904_GruppeNr>W3</T904_GruppeNr>
    <T904_AnzPers>0</T904_AnzPers>
    <T904_FaktKap>1</T904_FaktKap>
    <T904_KostSatz>0</T904_KostSatz>
    <T904_QsGR>0</T904_QsGR>
    <T904_KstRueckArt>0</T904_KstRueckArt>
    <T904_Anlage>2022-09-22T14:57:17+02:00</T904_Anlage>
    <T904_Aenderung>2022-09-22T14:57:17+02:00</T904_Aenderung>
    <T904_User>#fg</T904_User>
  </T904_Kostenstellen>
  <T904_Kostenstellen>
    <T904_FirmaNR>TE</T904_FirmaNR>
    <T904_NR>WK10</T904_NR>
    <T904_NRExtern />
    <T904_Bez>Versand</T904_Bez>
    <T904_GruppeNr>W4</T904_GruppeNr>
    <T904_AnzPers>0</T904_AnzPers>
    <T904_FaktKap>1</T904_FaktKap>
    <T904_KostSatz>0</T904_KostSatz>
    <T904_QsGR>0</T904_QsGR>
    <T904_KstRueckArt>0</T904_KstRueckArt>
    <T904_Anlage>2022-09-22T14:57:17+02:00</T904_Anlage>
    <T904_Aenderung>2022-09-22T14:57:17+02:00</T904_Aenderung>
    <T904_User>#fg</T904_User>
  </T904_Kostenstellen>
  <T904_Kostenstellen>
    <T904_FirmaNR>TE</T904_FirmaNR>
    <T904_NR>WK100</T904_NR>
    <T904_NRExtern />
    <T904_Bez>Warenannahme 1</T904_Bez>
    <T904_GruppeNr>W4</T904_GruppeNr>
    <T904_AnzPers>0</T904_AnzPers>
    <T904_FaktKap>1</T904_FaktKap>
    <T904_KostSatz>0</T904_KostSatz>
    <T904_QsGR>0</T904_QsGR>
    <T904_KstRueckArt>0</T904_KstRueckArt>
    <T904_Anlage>2022-09-22T14:57:17+02:00</T904_Anlage>
    <T904_Aenderung>2022-09-22T14:57:17+02:00</T904_Aenderung>
    <T904_User>#fg</T904_User>
  </T904_Kostenstellen>
  <T904_Kostenstellen>
    <T904_FirmaNR>TE</T904_FirmaNR>
    <T904_NR>WK101</T904_NR>
    <T904_NRExtern />
    <T904_Bez>Pappe falten</T904_Bez>
    <T904_GruppeNr>W4</T904_GruppeNr>
    <T904_AnzPers>0</T904_AnzPers>
    <T904_FaktKap>1</T904_FaktKap>
    <T904_KostSatz>0</T904_KostSatz>
    <T904_QsGR>0</T904_QsGR>
    <T904_KstRueckArt>0</T904_KstRueckArt>
    <T904_Anlage>2022-09-22T14:57:17+02:00</T904_Anlage>
    <T904_Aenderung>2022-09-22T14:57:17+02:00</T904_Aenderung>
    <T904_User>#fg</T904_User>
  </T904_Kostenstellen>
  <T904_Kostenstellen>
    <T904_FirmaNR>TE</T904_FirmaNR>
    <T904_NR>WK103</T904_NR>
    <T904_NRExtern />
    <T904_Bez>Holz</T904_Bez>
    <T904_GruppeNr>W4</T904_GruppeNr>
    <T904_AnzPers>0</T904_AnzPers>
    <T904_FaktKap>1</T904_FaktKap>
    <T904_KostSatz>0</T904_KostSatz>
    <T904_QsGR>0</T904_QsGR>
    <T904_KstRueckArt>0</T904_KstRueckArt>
    <T904_Anlage>2022-09-22T14:57:17+02:00</T904_Anlage>
    <T904_Aenderung>2022-09-22T14:57:17+02:00</T904_Aenderung>
    <T904_User>#fg</T904_User>
  </T904_Kostenstellen>
  <T904_Kostenstellen>
    <T904_FirmaNR>TE</T904_FirmaNR>
    <T904_NR>WK104</T904_NR>
    <T904_NRExtern />
    <T904_Bez>Quali</T904_Bez>
    <T904_GruppeNr>W103</T904_GruppeNr>
    <T904_AnzPers>0</T904_AnzPers>
    <T904_FaktKap>0</T904_FaktKap>
    <T904_KostSatz>0</T904_KostSatz>
    <T904_QsGR>0</T904_QsGR>
    <T904_KstRueckArt>0</T904_KstRueckArt>
    <T904_BildName />
    <T904_Anlage>2022-09-22T14:57:17+02:00</T904_Anlage>
    <T904_Aenderung>2022-09-22T14:57:17+02:00</T904_Aenderung>
    <T904_User>#fg</T904_User>
  </T904_Kostenstellen>
  <T904_Kostenstellen>
    <T904_FirmaNR>TE</T904_FirmaNR>
    <T904_NR>WK105</T904_NR>
    <T904_NRExtern />
    <T904_Bez>Verschiedenes (Bünde)</T904_Bez>
    <T904_GruppeNr>W4</T904_GruppeNr>
    <T904_AnzPers>0</T904_AnzPers>
    <T904_FaktKap>1</T904_FaktKap>
    <T904_KostSatz>0</T904_KostSatz>
    <T904_QsGR>0</T904_QsGR>
    <T904_KstRueckArt>0</T904_KstRueckArt>
    <T904_Anlage>2022-09-22T14:57:17+02:00</T904_Anlage>
    <T904_Aenderung>2022-09-22T14:57:17+02:00</T904_Aenderung>
    <T904_User>#fg</T904_User>
  </T904_Kostenstellen>
  <T904_Kostenstellen>
    <T904_FirmaNR>TE</T904_FirmaNR>
    <T904_NR>WK106</T904_NR>
    <T904_NRExtern />
    <T904_Bez>Instandhaltung</T904_Bez>
    <T904_GruppeNr>W3</T904_GruppeNr>
    <T904_AnzPers>0</T904_AnzPers>
    <T904_FaktKap>1</T904_FaktKap>
    <T904_KostSatz>0</T904_KostSatz>
    <T904_QsGR>0</T904_QsGR>
    <T904_KstRueckArt>0</T904_KstRueckArt>
    <T904_Anlage>2022-09-22T14:57:17+02:00</T904_Anlage>
    <T904_Aenderung>2022-09-22T14:57:17+02:00</T904_Aenderung>
    <T904_User>#fg</T904_User>
  </T904_Kostenstellen>
  <T904_Kostenstellen>
    <T904_FirmaNR>TE</T904_FirmaNR>
    <T904_NR>WK107</T904_NR>
    <T904_NRExtern />
    <T904_Bez>Lehrwerkstatt</T904_Bez>
    <T904_GruppeNr>W4</T904_GruppeNr>
    <T904_AnzPers>0</T904_AnzPers>
    <T904_FaktKap>1</T904_FaktKap>
    <T904_KostSatz>0</T904_KostSatz>
    <T904_QsGR>0</T904_QsGR>
    <T904_KstRueckArt>0</T904_KstRueckArt>
    <T904_Anlage>2022-09-22T14:57:17+02:00</T904_Anlage>
    <T904_Aenderung>2022-09-22T14:57:17+02:00</T904_Aenderung>
    <T904_User>#fg</T904_User>
  </T904_Kostenstellen>
  <T904_Kostenstellen>
    <T904_FirmaNR>TE</T904_FirmaNR>
    <T904_NR>WK108</T904_NR>
    <T904_NRExtern />
    <T904_Bez>AV (Bünde)</T904_Bez>
    <T904_GruppeNr>W4</T904_GruppeNr>
    <T904_AnzPers>0</T904_AnzPers>
    <T904_FaktKap>1</T904_FaktKap>
    <T904_KostSatz>0</T904_KostSatz>
    <T904_QsGR>0</T904_QsGR>
    <T904_KstRueckArt>0</T904_KstRueckArt>
    <T904_Anlage>2022-09-22T14:57:17+02:00</T904_Anlage>
    <T904_Aenderung>2022-09-22T14:57:17+02:00</T904_Aenderung>
    <T904_User>#fg</T904_User>
  </T904_Kostenstellen>
  <T904_Kostenstellen>
    <T904_FirmaNR>TE</T904_FirmaNR>
    <T904_NR>WK109</T904_NR>
    <T904_NRExtern />
    <T904_Bez>AV / Dispo (Getmold)</T904_Bez>
    <T904_GruppeNr>W3</T904_GruppeNr>
    <T904_AnzPers>0</T904_AnzPers>
    <T904_FaktKap>1</T904_FaktKap>
    <T904_KostSatz>0</T904_KostSatz>
    <T904_QsGR>0</T904_QsGR>
    <T904_KstRueckArt>0</T904_KstRueckArt>
    <T904_Anlage>2022-09-22T14:57:17+02:00</T904_Anlage>
    <T904_Aenderung>2022-09-22T14:57:17+02:00</T904_Aenderung>
    <T904_User>#fg</T904_User>
  </T904_Kostenstellen>
  <T904_Kostenstellen>
    <T904_FirmaNR>TE</T904_FirmaNR>
    <T904_NR>WK112</T904_NR>
    <T904_NRExtern />
    <T904_Bez>Werksmeister</T904_Bez>
    <T904_GruppeNr>W3</T904_GruppeNr>
    <T904_AnzPers>0</T904_AnzPers>
    <T904_FaktKap>1</T904_FaktKap>
    <T904_KostSatz>0</T904_KostSatz>
    <T904_QsGR>0</T904_QsGR>
    <T904_KstRueckArt>0</T904_KstRueckArt>
    <T904_Anlage>2022-09-22T14:57:17+02:00</T904_Anlage>
    <T904_Aenderung>2022-09-22T14:57:17+02:00</T904_Aenderung>
    <T904_User>#fg</T904_User>
  </T904_Kostenstellen>
  <T904_Kostenstellen>
    <T904_FirmaNR>TE</T904_FirmaNR>
    <T904_NR>WK1150</T904_NR>
    <T904_NRExtern />
    <T904_Bez>Dispo</T904_Bez>
    <T904_GruppeNr>W4</T904_GruppeNr>
    <T904_AnzPers>0</T904_AnzPers>
    <T904_FaktKap>1</T904_FaktKap>
    <T904_KostSatz>0</T904_KostSatz>
    <T904_QsGR>0</T904_QsGR>
    <T904_KstRueckArt>0</T904_KstRueckArt>
    <T904_Anlage>2022-09-22T14:57:17+02:00</T904_Anlage>
    <T904_Aenderung>2022-09-22T14:57:17+02:00</T904_Aenderung>
    <T904_User>#fg</T904_User>
  </T904_Kostenstellen>
  <T904_Kostenstellen>
    <T904_FirmaNR>TE</T904_FirmaNR>
    <T904_NR>WK12</T904_NR>
    <T904_NRExtern />
    <T904_Bez>SK-Abteilung</T904_Bez>
    <T904_GruppeNr>W4</T904_GruppeNr>
    <T904_AnzPers>0</T904_AnzPers>
    <T904_FaktKap>1</T904_FaktKap>
    <T904_KostSatz>0</T904_KostSatz>
    <T904_QsGR>0</T904_QsGR>
    <T904_KstRueckArt>0</T904_KstRueckArt>
    <T904_Anlage>2022-09-22T14:57:17+02:00</T904_Anlage>
    <T904_Aenderung>2022-09-22T14:57:17+02:00</T904_Aenderung>
    <T904_User>#fg</T904_User>
  </T904_Kostenstellen>
  <T904_Kostenstellen>
    <T904_FirmaNR>TE</T904_FirmaNR>
    <T904_NR>WK14</T904_NR>
    <T904_NRExtern />
    <T904_Bez>Fertigung Eigenfronten</T904_Bez>
    <T904_GruppeNr>W3</T904_GruppeNr>
    <T904_AnzPers>0</T904_AnzPers>
    <T904_FaktKap>1</T904_FaktKap>
    <T904_KostSatz>0</T904_KostSatz>
    <T904_QsGR>0</T904_QsGR>
    <T904_KstRueckArt>0</T904_KstRueckArt>
    <T904_Anlage>2022-09-22T14:57:17+02:00</T904_Anlage>
    <T904_Aenderung>2022-09-22T14:57:17+02:00</T904_Aenderung>
    <T904_User>#fg</T904_User>
  </T904_Kostenstellen>
  <T904_Kostenstellen>
    <T904_FirmaNR>TE</T904_FirmaNR>
    <T904_NR>WK16</T904_NR>
    <T904_NRExtern />
    <T904_Bez>Verpackung/Blockstollen Getmold</T904_Bez>
    <T904_GruppeNr>W3</T904_GruppeNr>
    <T904_AnzPers>0</T904_AnzPers>
    <T904_FaktKap>1</T904_FaktKap>
    <T904_KostSatz>0</T904_KostSatz>
    <T904_QsGR>0</T904_QsGR>
    <T904_KstRueckArt>0</T904_KstRueckArt>
    <T904_Anlage>2022-09-22T14:57:17+02:00</T904_Anlage>
    <T904_Aenderung>2022-09-22T14:57:17+02:00</T904_Aenderung>
    <T904_User>#fg</T904_User>
  </T904_Kostenstellen>
  <T904_Kostenstellen>
    <T904_FirmaNR>TE</T904_FirmaNR>
    <T904_NR>WK17</T904_NR>
    <T904_NRExtern />
    <T904_Bez>Zuschnitt</T904_Bez>
    <T904_GruppeNr>W3</T904_GruppeNr>
    <T904_AnzPers>0</T904_AnzPers>
    <T904_FaktKap>1</T904_FaktKap>
    <T904_KostSatz>0</T904_KostSatz>
    <T904_QsGR>0</T904_QsGR>
    <T904_KstRueckArt>0</T904_KstRueckArt>
    <T904_Anlage>2022-09-22T14:57:17+02:00</T904_Anlage>
    <T904_Aenderung>2022-09-22T14:57:17+02:00</T904_Aenderung>
    <T904_User>#fg</T904_User>
  </T904_Kostenstellen>
  <T904_Kostenstellen>
    <T904_FirmaNR>TE</T904_FirmaNR>
    <T904_NR>WK18</T904_NR>
    <T904_NRExtern />
    <T904_Bez>Bima / MAW</T904_Bez>
    <T904_GruppeNr>W4</T904_GruppeNr>
    <T904_AnzPers>0</T904_AnzPers>
    <T904_FaktKap>1</T904_FaktKap>
    <T904_KostSatz>0</T904_KostSatz>
    <T904_QsGR>0</T904_QsGR>
    <T904_KstRueckArt>0</T904_KstRueckArt>
    <T904_Anlage>2022-09-22T14:57:17+02:00</T904_Anlage>
    <T904_Aenderung>2022-09-22T14:57:17+02:00</T904_Aenderung>
    <T904_User>#fg</T904_User>
  </T904_Kostenstellen>
  <T904_Kostenstellen>
    <T904_FirmaNR>TE</T904_FirmaNR>
    <T904_NR>WK20</T904_NR>
    <T904_NRExtern />
    <T904_Bez>Sonderanfertigung</T904_Bez>
    <T904_GruppeNr>W4</T904_GruppeNr>
    <T904_AnzPers>0</T904_AnzPers>
    <T904_FaktKap>1</T904_FaktKap>
    <T904_KostSatz>0</T904_KostSatz>
    <T904_QsGR>0</T904_QsGR>
    <T904_KstRueckArt>0</T904_KstRueckArt>
    <T904_Anlage>2022-09-22T14:57:17+02:00</T904_Anlage>
    <T904_Aenderung>2022-09-22T14:57:17+02:00</T904_Aenderung>
    <T904_User>#fg</T904_User>
  </T904_Kostenstellen>
  <T904_Kostenstellen>
    <T904_FirmaNR>TE</T904_FirmaNR>
    <T904_NR>WK24</T904_NR>
    <T904_NRExtern />
    <T904_Bez>Verpackung</T904_Bez>
    <T904_GruppeNr>W4</T904_GruppeNr>
    <T904_AnzPers>0</T904_AnzPers>
    <T904_FaktKap>1</T904_FaktKap>
    <T904_KostSatz>0</T904_KostSatz>
    <T904_QsGR>0</T904_QsGR>
    <T904_KstRueckArt>0</T904_KstRueckArt>
    <T904_Anlage>2022-09-22T14:57:17+02:00</T904_Anlage>
    <T904_Aenderung>2022-09-22T14:57:17+02:00</T904_Aenderung>
    <T904_User>#fg</T904_User>
  </T904_Kostenstellen>
  <T904_Kostenstellen>
    <T904_FirmaNR>TE</T904_FirmaNR>
    <T904_NR>WK25</T904_NR>
    <T904_NRExtern />
    <T904_Bez>Fertigung C-Teile</T904_Bez>
    <T904_GruppeNr>W3</T904_GruppeNr>
    <T904_AnzPers>0</T904_AnzPers>
    <T904_FaktKap>1</T904_FaktKap>
    <T904_KostSatz>0</T904_KostSatz>
    <T904_QsGR>0</T904_QsGR>
    <T904_KstRueckArt>0</T904_KstRueckArt>
    <T904_Anlage>2022-09-22T14:57:17+02:00</T904_Anlage>
    <T904_Aenderung>2022-09-22T14:57:17+02:00</T904_Aenderung>
    <T904_User>#fg</T904_User>
  </T904_Kostenstellen>
  <T904_Kostenstellen>
    <T904_FirmaNR>TE</T904_FirmaNR>
    <T904_NR>WK26</T904_NR>
    <T904_NRExtern />
    <T904_Bez>BIMA Getmold</T904_Bez>
    <T904_GruppeNr>W3</T904_GruppeNr>
    <T904_AnzPers>0</T904_AnzPers>
    <T904_FaktKap>1</T904_FaktKap>
    <T904_KostSatz>0</T904_KostSatz>
    <T904_QsGR>0</T904_QsGR>
    <T904_KstRueckArt>0</T904_KstRueckArt>
    <T904_Anlage>2022-09-22T14:57:17+02:00</T904_Anlage>
    <T904_Aenderung>2022-09-22T14:57:17+02:00</T904_Aenderung>
    <T904_User>#fg</T904_User>
  </T904_Kostenstellen>
  <T904_Kostenstellen>
    <T904_FirmaNR>TE</T904_FirmaNR>
    <T904_NR>WK3</T904_NR>
    <T904_NRExtern />
    <T904_Bez>Kommission</T904_Bez>
    <T904_GruppeNr>W3</T904_GruppeNr>
    <T904_AnzPers>0</T904_AnzPers>
    <T904_FaktKap>1</T904_FaktKap>
    <T904_KostSatz>0</T904_KostSatz>
    <T904_QsGR>0</T904_QsGR>
    <T904_KstRueckArt>0</T904_KstRueckArt>
    <T904_Anlage>2022-09-22T14:57:17+02:00</T904_Anlage>
    <T904_Aenderung>2022-09-22T14:57:17+02:00</T904_Aenderung>
    <T904_User>#fg</T904_User>
  </T904_Kostenstellen>
  <T904_Kostenstellen>
    <T904_FirmaNR>TE</T904_FirmaNR>
    <T904_NR>WK4</T904_NR>
    <T904_NRExtern />
    <T904_Bez>Bereitstellung</T904_Bez>
    <T904_GruppeNr>W4</T904_GruppeNr>
    <T904_AnzPers>0</T904_AnzPers>
    <T904_FaktKap>1</T904_FaktKap>
    <T904_KostSatz>0</T904_KostSatz>
    <T904_QsGR>0</T904_QsGR>
    <T904_KstRueckArt>0</T904_KstRueckArt>
    <T904_Anlage>2022-09-22T14:57:17+02:00</T904_Anlage>
    <T904_Aenderung>2022-09-22T14:57:17+02:00</T904_Aenderung>
    <T904_User>#fg</T904_User>
  </T904_Kostenstellen>
  <T904_Kostenstellen>
    <T904_FirmaNR>TE</T904_FirmaNR>
    <T904_NR>WK4910</T904_NR>
    <T904_NRExtern />
    <T904_Bez>Fertigung</T904_Bez>
    <T904_GruppeNr>W4</T904_GruppeNr>
    <T904_AnzPers>0</T904_AnzPers>
    <T904_FaktKap>1</T904_FaktKap>
    <T904_KostSatz>0</T904_KostSatz>
    <T904_QsGR>0</T904_QsGR>
    <T904_KstRueckArt>0</T904_KstRueckArt>
    <T904_Anlage>2022-09-22T14:57:17+02:00</T904_Anlage>
    <T904_Aenderung>2022-09-22T14:57:17+02:00</T904_Aenderung>
    <T904_User>#fg</T904_User>
  </T904_Kostenstellen>
  <T904_Kostenstellen>
    <T904_FirmaNR>TE</T904_FirmaNR>
    <T904_NR>WK4920</T904_NR>
    <T904_NRExtern />
    <T904_Bez>AV</T904_Bez>
    <T904_GruppeNr>W4</T904_GruppeNr>
    <T904_AnzPers>0</T904_AnzPers>
    <T904_FaktKap>1</T904_FaktKap>
    <T904_KostSatz>0</T904_KostSatz>
    <T904_QsGR>0</T904_QsGR>
    <T904_KstRueckArt>0</T904_KstRueckArt>
    <T904_Anlage>2022-09-22T14:57:17+02:00</T904_Anlage>
    <T904_Aenderung>2022-09-22T14:57:17+02:00</T904_Aenderung>
    <T904_User>#fg</T904_User>
  </T904_Kostenstellen>
  <T904_Kostenstellen>
    <T904_FirmaNR>TE</T904_FirmaNR>
    <T904_NR>WK4940</T904_NR>
    <T904_NRExtern />
    <T904_Bez>Qualitätsm.</T904_Bez>
    <T904_GruppeNr>W4</T904_GruppeNr>
    <T904_AnzPers>0</T904_AnzPers>
    <T904_FaktKap>1</T904_FaktKap>
    <T904_KostSatz>0</T904_KostSatz>
    <T904_QsGR>0</T904_QsGR>
    <T904_KstRueckArt>0</T904_KstRueckArt>
    <T904_Anlage>2022-09-22T14:57:17+02:00</T904_Anlage>
    <T904_Aenderung>2022-09-22T14:57:17+02:00</T904_Aenderung>
    <T904_User>#fg</T904_User>
  </T904_Kostenstellen>
  <T904_Kostenstellen>
    <T904_FirmaNR>TE</T904_FirmaNR>
    <T904_NR>WK5</T904_NR>
    <T904_NRExtern />
    <T904_Bez>Fronten Bohren</T904_Bez>
    <T904_GruppeNr>W4</T904_GruppeNr>
    <T904_AnzPers>0</T904_AnzPers>
    <T904_FaktKap>1</T904_FaktKap>
    <T904_KostSatz>0</T904_KostSatz>
    <T904_QsGR>0</T904_QsGR>
    <T904_KstRueckArt>0</T904_KstRueckArt>
    <T904_Anlage>2022-09-22T14:57:17+02:00</T904_Anlage>
    <T904_Aenderung>2022-09-22T14:57:17+02:00</T904_Aenderung>
    <T904_User>#fg</T904_User>
  </T904_Kostenstellen>
  <T904_Kostenstellen>
    <T904_FirmaNR>TE</T904_FirmaNR>
    <T904_NR>WK5200</T904_NR>
    <T904_NRExtern />
    <T904_Bez>Logisitk</T904_Bez>
    <T904_GruppeNr>W5200</T904_GruppeNr>
    <T904_AnzPers>0</T904_AnzPers>
    <T904_FaktKap>1</T904_FaktKap>
    <T904_KostSatz>0</T904_KostSatz>
    <T904_QsGR>0</T904_QsGR>
    <T904_KstRueckArt />
    <T904_Anlage>2022-09-22T14:57:17+02:00</T904_Anlage>
    <T904_Aenderung>2022-09-22T14:57:17+02:00</T904_Aenderung>
    <T904_User>#fg</T904_User>
  </T904_Kostenstellen>
  <T904_Kostenstellen>
    <T904_FirmaNR>TE</T904_FirmaNR>
    <T904_NR>WK5320</T904_NR>
    <T904_NRExtern />
    <T904_Bez>LKW HF-RM</T904_Bez>
    <T904_GruppeNr>W5320</T904_GruppeNr>
    <T904_AnzPers>0</T904_AnzPers>
    <T904_FaktKap>1</T904_FaktKap>
    <T904_KostSatz>0</T904_KostSatz>
    <T904_QsGR>0</T904_QsGR>
    <T904_KstRueckArt />
    <T904_Anlage>2022-09-22T14:57:17+02:00</T904_Anlage>
    <T904_Aenderung>2022-09-22T14:57:17+02:00</T904_Aenderung>
    <T904_User>#fg</T904_User>
  </T904_Kostenstellen>
  <T904_Kostenstellen>
    <T904_FirmaNR>TE</T904_FirmaNR>
    <T904_NR>WK5330</T904_NR>
    <T904_NRExtern />
    <T904_Bez>LKW HF-RM</T904_Bez>
    <T904_GruppeNr>W5330</T904_GruppeNr>
    <T904_AnzPers>0</T904_AnzPers>
    <T904_FaktKap>1</T904_FaktKap>
    <T904_KostSatz>0</T904_KostSatz>
    <T904_QsGR>0</T904_QsGR>
    <T904_KstRueckArt />
    <T904_Anlage>2022-09-22T14:57:17+02:00</T904_Anlage>
    <T904_Aenderung>2022-09-22T14:57:17+02:00</T904_Aenderung>
    <T904_User>#fg</T904_User>
  </T904_Kostenstellen>
  <T904_Kostenstellen>
    <T904_FirmaNR>TE</T904_FirmaNR>
    <T904_NR>WK5340</T904_NR>
    <T904_NRExtern />
    <T904_Bez>LKW HR-RM</T904_Bez>
    <T904_GruppeNr>W5340</T904_GruppeNr>
    <T904_AnzPers>0</T904_AnzPers>
    <T904_FaktKap>1</T904_FaktKap>
    <T904_KostSatz>0</T904_KostSatz>
    <T904_QsGR>0</T904_QsGR>
    <T904_KstRueckArt />
    <T904_Anlage>2022-09-22T14:57:17+02:00</T904_Anlage>
    <T904_Aenderung>2022-09-22T14:57:17+02:00</T904_Aenderung>
    <T904_User>#fg</T904_User>
  </T904_Kostenstellen>
  <T904_Kostenstellen>
    <T904_FirmaNR>TE</T904_FirmaNR>
    <T904_NR>WK5350</T904_NR>
    <T904_NRExtern />
    <T904_Bez>LKW HR-RM</T904_Bez>
    <T904_GruppeNr>W5350</T904_GruppeNr>
    <T904_AnzPers>0</T904_AnzPers>
    <T904_FaktKap>1</T904_FaktKap>
    <T904_KostSatz>0</T904_KostSatz>
    <T904_QsGR>0</T904_QsGR>
    <T904_KstRueckArt />
    <T904_Anlage>2022-09-22T14:57:17+02:00</T904_Anlage>
    <T904_Aenderung>2022-09-22T14:57:17+02:00</T904_Aenderung>
    <T904_User>#fg</T904_User>
  </T904_Kostenstellen>
  <T904_Kostenstellen>
    <T904_FirmaNR>TE</T904_FirmaNR>
    <T904_NR>WK5360</T904_NR>
    <T904_NRExtern />
    <T904_Bez>LKW HF-RM</T904_Bez>
    <T904_GruppeNr>W5360</T904_GruppeNr>
    <T904_AnzPers>0</T904_AnzPers>
    <T904_FaktKap>1</T904_FaktKap>
    <T904_KostSatz>0</T904_KostSatz>
    <T904_QsGR>0</T904_QsGR>
    <T904_KstRueckArt />
    <T904_Anlage>2022-09-22T14:57:17+02:00</T904_Anlage>
    <T904_Aenderung>2022-09-22T14:57:17+02:00</T904_Aenderung>
    <T904_User>#fg</T904_User>
  </T904_Kostenstellen>
  <T904_Kostenstellen>
    <T904_FirmaNR>TE</T904_FirmaNR>
    <T904_NR>WK6</T904_NR>
    <T904_NRExtern />
    <T904_Bez>Stern</T904_Bez>
    <T904_GruppeNr>W4</T904_GruppeNr>
    <T904_AnzPers>0</T904_AnzPers>
    <T904_FaktKap>1</T904_FaktKap>
    <T904_KostSatz>0</T904_KostSatz>
    <T904_QsGR>0</T904_QsGR>
    <T904_KstRueckArt>0</T904_KstRueckArt>
    <T904_Anlage>2022-09-22T14:57:17+02:00</T904_Anlage>
    <T904_Aenderung>2022-09-22T14:57:17+02:00</T904_Aenderung>
    <T904_User>#fg</T904_User>
  </T904_Kostenstellen>
  <T904_Kostenstellen>
    <T904_FirmaNR>TE</T904_FirmaNR>
    <T904_NR>WK6411</T904_NR>
    <T904_NRExtern />
    <T904_Bez>Verkauf In</T904_Bez>
    <T904_GruppeNr>W4</T904_GruppeNr>
    <T904_AnzPers>0</T904_AnzPers>
    <T904_FaktKap>0</T904_FaktKap>
    <T904_KostSatz>0</T904_KostSatz>
    <T904_QsGR>0</T904_QsGR>
    <T904_KstRueckArt>0</T904_KstRueckArt>
    <T904_BildName />
    <T904_Anlage>2022-09-22T14:57:17+02:00</T904_Anlage>
    <T904_Aenderung>2022-09-22T14:57:17+02:00</T904_Aenderung>
    <T904_User>#fg</T904_User>
  </T904_Kostenstellen>
  <T904_Kostenstellen>
    <T904_FirmaNR>TE</T904_FirmaNR>
    <T904_NR>WK6412</T904_NR>
    <T904_NRExtern />
    <T904_Bez>Verkauf NL</T904_Bez>
    <T904_GruppeNr>W4</T904_GruppeNr>
    <T904_AnzPers>0</T904_AnzPers>
    <T904_FaktKap>0</T904_FaktKap>
    <T904_KostSatz>0</T904_KostSatz>
    <T904_QsGR>0</T904_QsGR>
    <T904_KstRueckArt>0</T904_KstRueckArt>
    <T904_BildName />
    <T904_Anlage>2022-09-22T14:57:17+02:00</T904_Anlage>
    <T904_Aenderung>2022-09-22T14:57:17+02:00</T904_Aenderung>
    <T904_User>#fg</T904_User>
  </T904_Kostenstellen>
  <T904_Kostenstellen>
    <T904_FirmaNR>TE</T904_FirmaNR>
    <T904_NR>WK6414</T904_NR>
    <T904_NRExtern />
    <T904_Bez>Verkauf So</T904_Bez>
    <T904_GruppeNr>W4</T904_GruppeNr>
    <T904_AnzPers>0</T904_AnzPers>
    <T904_FaktKap>0</T904_FaktKap>
    <T904_KostSatz>0</T904_KostSatz>
    <T904_QsGR>0</T904_QsGR>
    <T904_KstRueckArt>0</T904_KstRueckArt>
    <T904_BildName />
    <T904_Anlage>2022-09-22T14:57:17+02:00</T904_Anlage>
    <T904_Aenderung>2022-09-22T14:57:17+02:00</T904_Aenderung>
    <T904_User>#fg</T904_User>
  </T904_Kostenstellen>
  <T904_Kostenstellen>
    <T904_FirmaNR>TE</T904_FirmaNR>
    <T904_NR>WK6423</T904_NR>
    <T904_NRExtern />
    <T904_Bez>Gebiet 15</T904_Bez>
    <T904_GruppeNr>W6423</T904_GruppeNr>
    <T904_AnzPers>0</T904_AnzPers>
    <T904_FaktKap>1</T904_FaktKap>
    <T904_KostSatz>0</T904_KostSatz>
    <T904_QsGR>0</T904_QsGR>
    <T904_KstRueckArt />
    <T904_Anlage>2022-09-22T14:57:17+02:00</T904_Anlage>
    <T904_Aenderung>2022-09-22T14:57:17+02:00</T904_Aenderung>
    <T904_User>#fg</T904_User>
  </T904_Kostenstellen>
  <T904_Kostenstellen>
    <T904_FirmaNR>TE</T904_FirmaNR>
    <T904_NR>WK7</T904_NR>
    <T904_NRExtern />
    <T904_Bez>Band II Co</T904_Bez>
    <T904_GruppeNr>W4</T904_GruppeNr>
    <T904_AnzPers>0</T904_AnzPers>
    <T904_FaktKap>1</T904_FaktKap>
    <T904_KostSatz>0</T904_KostSatz>
    <T904_QsGR>0</T904_QsGR>
    <T904_KstRueckArt>0</T904_KstRueckArt>
    <T904_Anlage>2022-09-22T14:57:17+02:00</T904_Anlage>
    <T904_Aenderung>2022-09-22T14:57:17+02:00</T904_Aenderung>
    <T904_User>#fg</T904_User>
  </T904_Kostenstellen>
  <T904_Kostenstellen>
    <T904_FirmaNR>TE</T904_FirmaNR>
    <T904_NR>WK7100</T904_NR>
    <T904_NRExtern />
    <T904_Bez>Geschäftsl</T904_Bez>
    <T904_GruppeNr>W7100</T904_GruppeNr>
    <T904_AnzPers>0</T904_AnzPers>
    <T904_FaktKap>1</T904_FaktKap>
    <T904_KostSatz>0</T904_KostSatz>
    <T904_QsGR>0</T904_QsGR>
    <T904_KstRueckArt />
    <T904_Anlage>2022-09-22T14:57:17+02:00</T904_Anlage>
    <T904_Aenderung>2022-09-22T14:57:17+02:00</T904_Aenderung>
    <T904_User>#fg</T904_User>
  </T904_Kostenstellen>
  <T904_Kostenstellen>
    <T904_FirmaNR>TE</T904_FirmaNR>
    <T904_NR>WK7200</T904_NR>
    <T904_NRExtern />
    <T904_Bez>EDV</T904_Bez>
    <T904_GruppeNr>W7200</T904_GruppeNr>
    <T904_AnzPers>0</T904_AnzPers>
    <T904_FaktKap>1</T904_FaktKap>
    <T904_KostSatz>0</T904_KostSatz>
    <T904_QsGR>0</T904_QsGR>
    <T904_KstRueckArt />
    <T904_Anlage>2022-09-22T14:57:17+02:00</T904_Anlage>
    <T904_Aenderung>2022-09-22T14:57:17+02:00</T904_Aenderung>
    <T904_User>#fg</T904_User>
  </T904_Kostenstellen>
  <T904_Kostenstellen>
    <T904_FirmaNR>TE</T904_FirmaNR>
    <T904_NR>WK7300</T904_NR>
    <T904_NRExtern />
    <T904_Bez>Finanzen</T904_Bez>
    <T904_GruppeNr>W7300</T904_GruppeNr>
    <T904_AnzPers>0</T904_AnzPers>
    <T904_FaktKap>1</T904_FaktKap>
    <T904_KostSatz>0</T904_KostSatz>
    <T904_QsGR>0</T904_QsGR>
    <T904_KstRueckArt />
    <T904_Anlage>2022-09-22T14:57:17+02:00</T904_Anlage>
    <T904_Aenderung>2022-09-22T14:57:17+02:00</T904_Aenderung>
    <T904_User>#fg</T904_User>
  </T904_Kostenstellen>
  <T904_Kostenstellen>
    <T904_FirmaNR>TE</T904_FirmaNR>
    <T904_NR>WK7600</T904_NR>
    <T904_NRExtern />
    <T904_Bez>kaufm. Azubi</T904_Bez>
    <T904_GruppeNr>W4</T904_GruppeNr>
    <T904_AnzPers>0</T904_AnzPers>
    <T904_FaktKap>1</T904_FaktKap>
    <T904_KostSatz>0</T904_KostSatz>
    <T904_QsGR>0</T904_QsGR>
    <T904_KstRueckArt>0</T904_KstRueckArt>
    <T904_Anlage>2022-09-22T14:57:17+02:00</T904_Anlage>
    <T904_Aenderung>2022-09-22T14:57:17+02:00</T904_Aenderung>
    <T904_User>#fg</T904_User>
  </T904_Kostenstellen>
  <T904_Kostenstellen>
    <T904_FirmaNR>TE</T904_FirmaNR>
    <T904_NR>WK8</T904_NR>
    <T904_NRExtern />
    <T904_Bez>HS-Montage</T904_Bez>
    <T904_GruppeNr>W4</T904_GruppeNr>
    <T904_AnzPers>0</T904_AnzPers>
    <T904_FaktKap>1</T904_FaktKap>
    <T904_KostSatz>0</T904_KostSatz>
    <T904_QsGR>0</T904_QsGR>
    <T904_KstRueckArt>0</T904_KstRueckArt>
    <T904_Anlage>2022-09-22T14:57:17+02:00</T904_Anlage>
    <T904_Aenderung>2022-09-22T14:57:17+02:00</T904_Aenderung>
    <T904_User>#fg</T904_User>
  </T904_Kostenstellen>
  <T904_Kostenstellen>
    <T904_FirmaNR>TE</T904_FirmaNR>
    <T904_NR>WK9200</T904_NR>
    <T904_NRExtern />
    <T904_Bez>Umlage Werk</T904_Bez>
    <T904_GruppeNr>W4</T904_GruppeNr>
    <T904_AnzPers>0</T904_AnzPers>
    <T904_FaktKap>1</T904_FaktKap>
    <T904_KostSatz>0</T904_KostSatz>
    <T904_QsGR>0</T904_QsGR>
    <T904_KstRueckArt>0</T904_KstRueckArt>
    <T904_Anlage>2022-09-22T14:57:17+02:00</T904_Anlage>
    <T904_Aenderung>2022-09-22T14:57:17+02:00</T904_Aenderung>
    <T904_User>#fg</T904_User>
  </T904_Kostenstellen>
  <T904_Kostenstellen>
    <T904_FirmaNR>TE</T904_FirmaNR>
    <T904_NR>KF015</T904_NR>
    <T904_NRExtern />
    <T904_Bez>Flüsterprofil Bekantung</T904_Bez>
    <T904_GruppeNr>26</T904_GruppeNr>
    <T904_AnzPers>0</T904_AnzPers>
    <T904_FaktKap>0</T904_FaktKap>
    <T904_KostSatz>0</T904_KostSatz>
    <T904_QsGR>0</T904_QsGR>
    <T904_KstRueckArt />
    <T904_BildName />
    <T904_Anlage>2022-06-24T08:41:59+02:00</T904_Anlage>
    <T904_Aenderung>2022-06-24T08:43:03.247+02:00</T904_Aenderung>
    <T904_User>tschneider</T904_User>
  </T904_Kostenstellen>
  <T904_Kostenstellen>
    <T904_FirmaNR>TE</T904_FirmaNR>
    <T904_NR>1220</T904_NR>
    <T904_NRExtern />
    <T904_Bez>Nachholer GT</T904_Bez>
    <T904_GruppeNr>110</T904_GruppeNr>
    <T904_AnzPers>0</T904_AnzPers>
    <T904_FaktKap>0</T904_FaktKap>
    <T904_KostSatz>0</T904_KostSatz>
    <T904_QsGR />
    <T904_KstRueckArt />
    <T904_BildName />
    <T904_Anlage>2021-09-02T14:50:08+02:00</T904_Anlage>
    <T904_Aenderung>2021-09-02T14:51:04.12+02:00</T904_Aenderung>
    <T904_User>tschneider</T904_User>
  </T904_Kostenstellen>
  <T904_Kostenstellen>
    <T904_FirmaNR>TE</T904_FirmaNR>
    <T904_NR>KF114</T904_NR>
    <T904_NRExtern />
    <T904_Bez>Teile zuschneiden</T904_Bez>
    <T904_GruppeNr>20</T904_GruppeNr>
    <T904_AnzPers>0</T904_AnzPers>
    <T904_FaktKap>0</T904_FaktKap>
    <T904_KostSatz>0</T904_KostSatz>
    <T904_QsGR>0</T904_QsGR>
    <T904_KstRueckArt />
    <T904_BildName />
    <T904_Anlage>2021-07-16T11:10:55.303+02:00</T904_Anlage>
    <T904_Aenderung>2021-07-16T11:10:55.303+02:00</T904_Aenderung>
    <T904_User>#fg</T904_User>
  </T904_Kostenstellen>
  <T904_Kostenstellen>
    <T904_FirmaNR>TE</T904_FirmaNR>
    <T904_NR>KF101</T904_NR>
    <T904_NRExtern />
    <T904_Bez>Formwangen/Hauben</T904_Bez>
    <T904_GruppeNr>20</T904_GruppeNr>
    <T904_AnzPers>0</T904_AnzPers>
    <T904_FaktKap>0</T904_FaktKap>
    <T904_KostSatz>0</T904_KostSatz>
    <T904_QsGR>0</T904_QsGR>
    <T904_KstRueckArt />
    <T904_BildName />
    <T904_Anlage>2021-06-16T10:20:39+02:00</T904_Anlage>
    <T904_Aenderung>2021-06-16T10:20:39+02:00</T904_Aenderung>
    <T904_User>#fg</T904_User>
  </T904_Kostenstellen>
  <T904_Kostenstellen>
    <T904_FirmaNR>TE</T904_FirmaNR>
    <T904_NR>KF102</T904_NR>
    <T904_NRExtern />
    <T904_Bez>Formwangen Lack/Furnier</T904_Bez>
    <T904_GruppeNr>20</T904_GruppeNr>
    <T904_AnzPers>0</T904_AnzPers>
    <T904_FaktKap>0</T904_FaktKap>
    <T904_KostSatz>0</T904_KostSatz>
    <T904_QsGR>0</T904_QsGR>
    <T904_KstRueckArt />
    <T904_BildName />
    <T904_Anlage>2021-06-16T10:20:39+02:00</T904_Anlage>
    <T904_Aenderung>2021-06-16T10:20:39+02:00</T904_Aenderung>
    <T904_User>#fg</T904_User>
  </T904_Kostenstellen>
  <T904_Kostenstellen>
    <T904_FirmaNR>TE</T904_FirmaNR>
    <T904_NR>KF103</T904_NR>
    <T904_NRExtern />
    <T904_Bez>Eckpassstücke</T904_Bez>
    <T904_GruppeNr>20</T904_GruppeNr>
    <T904_AnzPers>0</T904_AnzPers>
    <T904_FaktKap>0</T904_FaktKap>
    <T904_KostSatz>0</T904_KostSatz>
    <T904_QsGR>0</T904_QsGR>
    <T904_KstRueckArt />
    <T904_BildName />
    <T904_Anlage>2021-06-16T10:20:39+02:00</T904_Anlage>
    <T904_Aenderung>2021-06-16T10:20:39+02:00</T904_Aenderung>
    <T904_User>#fg</T904_User>
  </T904_Kostenstellen>
  <T904_Kostenstellen>
    <T904_FirmaNR>TE</T904_FirmaNR>
    <T904_NR>KF104</T904_NR>
    <T904_NRExtern />
    <T904_Bez>Blenden Zuschnitt</T904_Bez>
    <T904_GruppeNr>20</T904_GruppeNr>
    <T904_AnzPers>0</T904_AnzPers>
    <T904_FaktKap>0</T904_FaktKap>
    <T904_KostSatz>0</T904_KostSatz>
    <T904_QsGR>0</T904_QsGR>
    <T904_KstRueckArt />
    <T904_BildName />
    <T904_Anlage>2021-06-16T10:20:39+02:00</T904_Anlage>
    <T904_Aenderung>2021-06-16T10:20:39+02:00</T904_Aenderung>
    <T904_User>#fg</T904_User>
  </T904_Kostenstellen>
  <T904_Kostenstellen>
    <T904_FirmaNR>TE</T904_FirmaNR>
    <T904_NR>KF105</T904_NR>
    <T904_NRExtern />
    <T904_Bez>Muldenprofil</T904_Bez>
    <T904_GruppeNr>20</T904_GruppeNr>
    <T904_AnzPers>0</T904_AnzPers>
    <T904_FaktKap>0</T904_FaktKap>
    <T904_KostSatz>0</T904_KostSatz>
    <T904_QsGR>0</T904_QsGR>
    <T904_KstRueckArt />
    <T904_BildName />
    <T904_Anlage>2021-06-16T10:20:39+02:00</T904_Anlage>
    <T904_Aenderung>2021-06-16T10:20:39+02:00</T904_Aenderung>
    <T904_User>#fg</T904_User>
  </T904_Kostenstellen>
  <T904_Kostenstellen>
    <T904_FirmaNR>TE</T904_FirmaNR>
    <T904_NR>KF106</T904_NR>
    <T904_NRExtern />
    <T904_Bez>Blockstollen/ Jalousieschränke</T904_Bez>
    <T904_GruppeNr>20</T904_GruppeNr>
    <T904_AnzPers>0</T904_AnzPers>
    <T904_FaktKap>0</T904_FaktKap>
    <T904_KostSatz>0</T904_KostSatz>
    <T904_QsGR>0</T904_QsGR>
    <T904_KstRueckArt />
    <T904_BildName />
    <T904_Anlage>2021-06-16T10:20:39+02:00</T904_Anlage>
    <T904_Aenderung>2021-06-16T10:20:39+02:00</T904_Aenderung>
    <T904_User>#fg</T904_User>
  </T904_Kostenstellen>
  <T904_Kostenstellen>
    <T904_FirmaNR>TE</T904_FirmaNR>
    <T904_NR>KF107</T904_NR>
    <T904_NRExtern />
    <T904_Bez>Passstücke UT/OT/HS</T904_Bez>
    <T904_GruppeNr>20</T904_GruppeNr>
    <T904_AnzPers>0</T904_AnzPers>
    <T904_FaktKap>0</T904_FaktKap>
    <T904_KostSatz>0</T904_KostSatz>
    <T904_QsGR>0</T904_QsGR>
    <T904_KstRueckArt />
    <T904_BildName />
    <T904_Anlage>2021-06-16T10:20:39+02:00</T904_Anlage>
    <T904_Aenderung>2021-06-16T10:20:39+02:00</T904_Aenderung>
    <T904_User>#fg</T904_User>
  </T904_Kostenstellen>
  <T904_Kostenstellen>
    <T904_FirmaNR>TE</T904_FirmaNR>
    <T904_NR>KF108</T904_NR>
    <T904_NRExtern />
    <T904_Bez>Pilaster / Schiebetüren</T904_Bez>
    <T904_GruppeNr>20</T904_GruppeNr>
    <T904_AnzPers>0</T904_AnzPers>
    <T904_FaktKap>0</T904_FaktKap>
    <T904_KostSatz>0</T904_KostSatz>
    <T904_QsGR>0</T904_QsGR>
    <T904_KstRueckArt />
    <T904_BildName />
    <T904_Anlage>2021-06-16T10:20:39+02:00</T904_Anlage>
    <T904_Aenderung>2021-06-16T10:20:39+02:00</T904_Aenderung>
    <T904_User>#fg</T904_User>
  </T904_Kostenstellen>
  <T904_Kostenstellen>
    <T904_FirmaNR>TE</T904_FirmaNR>
    <T904_NR>KF109</T904_NR>
    <T904_NRExtern />
    <T904_Bez>Regale</T904_Bez>
    <T904_GruppeNr>20</T904_GruppeNr>
    <T904_AnzPers>0</T904_AnzPers>
    <T904_FaktKap>0</T904_FaktKap>
    <T904_KostSatz>0</T904_KostSatz>
    <T904_QsGR>0</T904_QsGR>
    <T904_KstRueckArt />
    <T904_BildName />
    <T904_Anlage>2021-06-16T10:20:39+02:00</T904_Anlage>
    <T904_Aenderung>2021-06-16T10:20:39+02:00</T904_Aenderung>
    <T904_User>#fg</T904_User>
  </T904_Kostenstellen>
  <T904_Kostenstellen>
    <T904_FirmaNR>TE</T904_FirmaNR>
    <T904_NR>KF110</T904_NR>
    <T904_NRExtern />
    <T904_Bez>Blindteile/Eckpassblenden</T904_Bez>
    <T904_GruppeNr>20</T904_GruppeNr>
    <T904_AnzPers>0</T904_AnzPers>
    <T904_FaktKap>0</T904_FaktKap>
    <T904_KostSatz>0</T904_KostSatz>
    <T904_QsGR>0</T904_QsGR>
    <T904_KstRueckArt />
    <T904_BildName />
    <T904_Anlage>2021-06-16T10:20:39+02:00</T904_Anlage>
    <T904_Aenderung>2021-06-16T10:20:39+02:00</T904_Aenderung>
    <T904_User>#fg</T904_User>
  </T904_Kostenstellen>
  <T904_Kostenstellen>
    <T904_FirmaNR>TE</T904_FirmaNR>
    <T904_NR>KF111</T904_NR>
    <T904_NRExtern />
    <T904_Bez>Sonderbau</T904_Bez>
    <T904_GruppeNr>20</T904_GruppeNr>
    <T904_AnzPers>0</T904_AnzPers>
    <T904_FaktKap>0</T904_FaktKap>
    <T904_KostSatz>0</T904_KostSatz>
    <T904_QsGR>0</T904_QsGR>
    <T904_KstRueckArt />
    <T904_BildName />
    <T904_Anlage>2021-06-16T10:20:39+02:00</T904_Anlage>
    <T904_Aenderung>2021-06-16T10:20:39+02:00</T904_Aenderung>
    <T904_User>#fg</T904_User>
  </T904_Kostenstellen>
  <T904_Kostenstellen>
    <T904_FirmaNR>TE</T904_FirmaNR>
    <T904_NR>KF112</T904_NR>
    <T904_NRExtern />
    <T904_Bez>Holzschubkästen</T904_Bez>
    <T904_GruppeNr>20</T904_GruppeNr>
    <T904_AnzPers>0</T904_AnzPers>
    <T904_FaktKap>0</T904_FaktKap>
    <T904_KostSatz>0</T904_KostSatz>
    <T904_QsGR>0</T904_QsGR>
    <T904_KstRueckArt />
    <T904_BildName />
    <T904_Anlage>2021-06-16T10:20:39+02:00</T904_Anlage>
    <T904_Aenderung>2021-06-16T10:20:39+02:00</T904_Aenderung>
    <T904_User>#fg</T904_User>
  </T904_Kostenstellen>
  <T904_Kostenstellen>
    <T904_FirmaNR>TE</T904_FirmaNR>
    <T904_NR>KF113</T904_NR>
    <T904_NRExtern />
    <T904_Bez>Kantenmaschine</T904_Bez>
    <T904_GruppeNr>20</T904_GruppeNr>
    <T904_AnzPers>0</T904_AnzPers>
    <T904_FaktKap>0</T904_FaktKap>
    <T904_KostSatz>0</T904_KostSatz>
    <T904_QsGR>0</T904_QsGR>
    <T904_KstRueckArt />
    <T904_BildName />
    <T904_Anlage>2021-06-16T10:20:39+02:00</T904_Anlage>
    <T904_Aenderung>2021-06-16T10:20:39+02:00</T904_Aenderung>
    <T904_User>#fg</T904_User>
  </T904_Kostenstellen>
  <T904_Kostenstellen>
    <T904_FirmaNR>TE</T904_FirmaNR>
    <T904_NR>10082</T904_NR>
    <T904_NRExtern />
    <T904_Bez>HS-Montage SK / AZ fertigen</T904_Bez>
    <T904_GruppeNr>08</T904_GruppeNr>
    <T904_AnzPers>0</T904_AnzPers>
    <T904_FaktKap>0</T904_FaktKap>
    <T904_KostSatz>0</T904_KostSatz>
    <T904_QsGR />
    <T904_KstRueckArt />
    <T904_BildName />
    <T904_Anlage>2020-01-23T08:46:11+01:00</T904_Anlage>
    <T904_Aenderung>2020-01-23T08:51:55.85+01:00</T904_Aenderung>
    <T904_User>tschneider</T904_User>
  </T904_Kostenstellen>
  <T904_Kostenstellen>
    <T904_FirmaNR>TE</T904_FirmaNR>
    <T904_NR>10081</T904_NR>
    <T904_NRExtern />
    <T904_Bez>HS-Montage HVZ-Platz</T904_Bez>
    <T904_GruppeNr>08</T904_GruppeNr>
    <T904_AnzPers>0</T904_AnzPers>
    <T904_FaktKap>0</T904_FaktKap>
    <T904_KostSatz>0</T904_KostSatz>
    <T904_QsGR />
    <T904_KstRueckArt />
    <T904_BildName />
    <T904_Anlage>2020-01-23T08:45:26.4+01:00</T904_Anlage>
    <T904_Aenderung>2020-01-23T08:45:26.4+01:00</T904_Aenderung>
    <T904_User>tschneider</T904_User>
  </T904_Kostenstellen>
  <T904_Kostenstellen>
    <T904_FirmaNR>TE</T904_FirmaNR>
    <T904_NR>1110</T904_NR>
    <T904_NRExtern />
    <T904_Bez>Logistik GT</T904_Bez>
    <T904_GruppeNr>110</T904_GruppeNr>
    <T904_AnzPers>0</T904_AnzPers>
    <T904_FaktKap>0</T904_FaktKap>
    <T904_KostSatz>0</T904_KostSatz>
    <T904_QsGR />
    <T904_KstRueckArt />
    <T904_BildName />
    <T904_Anlage>2019-03-25T15:04:14+01:00</T904_Anlage>
    <T904_Aenderung>2019-05-09T14:16:43.11+02:00</T904_Aenderung>
    <T904_User>tschneider</T904_User>
  </T904_Kostenstellen>
  <T904_Kostenstellen>
    <T904_FirmaNR>TE</T904_FirmaNR>
    <T904_NR>1102</T904_NR>
    <T904_NRExtern />
    <T904_Bez>Warenannahme 2</T904_Bez>
    <T904_GruppeNr>102</T904_GruppeNr>
    <T904_AnzPers>0</T904_AnzPers>
    <T904_FaktKap>0</T904_FaktKap>
    <T904_KostSatz>0</T904_KostSatz>
    <T904_QsGR />
    <T904_KstRueckArt />
    <T904_BildName />
    <T904_Anlage>2019-03-27T08:41:24.867+01:00</T904_Anlage>
    <T904_Aenderung>2019-03-27T08:41:24.867+01:00</T904_Aenderung>
    <T904_User>gt013</T904_User>
  </T904_Kostenstellen>
  <T904_Kostenstellen>
    <T904_FirmaNR>TE</T904_FirmaNR>
    <T904_NR>1100</T904_NR>
    <T904_NRExtern />
    <T904_Bez>Warenannahme 1</T904_Bez>
    <T904_GruppeNr>100</T904_GruppeNr>
    <T904_AnzPers>0</T904_AnzPers>
    <T904_FaktKap>0</T904_FaktKap>
    <T904_KostSatz>0</T904_KostSatz>
    <T904_QsGR />
    <T904_KstRueckArt />
    <T904_BildName />
    <T904_Anlage>2019-02-15T11:17:23+01:00</T904_Anlage>
    <T904_Aenderung>2019-03-27T08:40:44.353+01:00</T904_Aenderung>
    <T904_User>gt013</T904_User>
  </T904_Kostenstellen>
  <T904_Kostenstellen>
    <T904_FirmaNR>TE</T904_FirmaNR>
    <T904_NR>1112</T904_NR>
    <T904_NRExtern />
    <T904_Bez>Werksmeister</T904_Bez>
    <T904_GruppeNr>112</T904_GruppeNr>
    <T904_AnzPers>0</T904_AnzPers>
    <T904_FaktKap>0</T904_FaktKap>
    <T904_KostSatz>0</T904_KostSatz>
    <T904_QsGR />
    <T904_KstRueckArt />
    <T904_BildName />
    <T904_Anlage>2019-03-26T08:23:23.413+01:00</T904_Anlage>
    <T904_Aenderung>2019-03-26T08:23:23.413+01:00</T904_Aenderung>
    <T904_User>gt013</T904_User>
  </T904_Kostenstellen>
  <T904_Kostenstellen>
    <T904_FirmaNR>TE</T904_FirmaNR>
    <T904_NR>1109</T904_NR>
    <T904_NRExtern />
    <T904_Bez>AV / Dispo (Getmold)</T904_Bez>
    <T904_GruppeNr>109</T904_GruppeNr>
    <T904_AnzPers>0</T904_AnzPers>
    <T904_FaktKap>0</T904_FaktKap>
    <T904_KostSatz>0</T904_KostSatz>
    <T904_QsGR />
    <T904_KstRueckArt />
    <T904_BildName />
    <T904_Anlage>2019-03-25T15:03:45.247+01:00</T904_Anlage>
    <T904_Aenderung>2019-03-25T15:03:45.247+01:00</T904_Aenderung>
    <T904_User>gt013</T904_User>
  </T904_Kostenstellen>
  <T904_Kostenstellen>
    <T904_FirmaNR>TE</T904_FirmaNR>
    <T904_NR>1108</T904_NR>
    <T904_NRExtern />
    <T904_Bez>AV (Bünde)</T904_Bez>
    <T904_GruppeNr>108</T904_GruppeNr>
    <T904_AnzPers>0</T904_AnzPers>
    <T904_FaktKap>0</T904_FaktKap>
    <T904_KostSatz>0</T904_KostSatz>
    <T904_QsGR />
    <T904_KstRueckArt />
    <T904_BildName />
    <T904_Anlage>2019-03-25T15:02:49.937+01:00</T904_Anlage>
    <T904_Aenderung>2019-03-25T15:02:49.937+01:00</T904_Aenderung>
    <T904_User>gt013</T904_User>
  </T904_Kostenstellen>
  <T904_Kostenstellen>
    <T904_FirmaNR>TE</T904_FirmaNR>
    <T904_NR>1107</T904_NR>
    <T904_NRExtern />
    <T904_Bez>Lehrwerkstatt</T904_Bez>
    <T904_GruppeNr>107</T904_GruppeNr>
    <T904_AnzPers>0</T904_AnzPers>
    <T904_FaktKap>0</T904_FaktKap>
    <T904_KostSatz>0</T904_KostSatz>
    <T904_QsGR />
    <T904_KstRueckArt />
    <T904_BildName />
    <T904_Anlage>2019-03-25T15:02:23.357+01:00</T904_Anlage>
    <T904_Aenderung>2019-03-25T15:02:23.357+01:00</T904_Aenderung>
    <T904_User>gt013</T904_User>
  </T904_Kostenstellen>
  <T904_Kostenstellen>
    <T904_FirmaNR>TE</T904_FirmaNR>
    <T904_NR>1106</T904_NR>
    <T904_NRExtern />
    <T904_Bez>Instandhaltung</T904_Bez>
    <T904_GruppeNr>106</T904_GruppeNr>
    <T904_AnzPers>0</T904_AnzPers>
    <T904_FaktKap>0</T904_FaktKap>
    <T904_KostSatz>0</T904_KostSatz>
    <T904_QsGR />
    <T904_KstRueckArt />
    <T904_BildName />
    <T904_Anlage>2019-03-25T15:01:52.043+01:00</T904_Anlage>
    <T904_Aenderung>2019-03-25T15:01:52.043+01:00</T904_Aenderung>
    <T904_User>gt013</T904_User>
  </T904_Kostenstellen>
  <T904_Kostenstellen>
    <T904_FirmaNR>TE</T904_FirmaNR>
    <T904_NR>1105</T904_NR>
    <T904_NRExtern />
    <T904_Bez>Verschiedenes (Bünde)</T904_Bez>
    <T904_GruppeNr>105</T904_GruppeNr>
    <T904_AnzPers>0</T904_AnzPers>
    <T904_FaktKap>0</T904_FaktKap>
    <T904_KostSatz>0</T904_KostSatz>
    <T904_QsGR />
    <T904_KstRueckArt />
    <T904_BildName />
    <T904_Anlage>2019-03-25T15:01:04+01:00</T904_Anlage>
    <T904_Aenderung>2019-03-25T15:01:29.31+01:00</T904_Aenderung>
    <T904_User>gt013</T904_User>
  </T904_Kostenstellen>
  <T904_Kostenstellen>
    <T904_FirmaNR>TE</T904_FirmaNR>
    <T904_NR>1103</T904_NR>
    <T904_NRExtern />
    <T904_Bez>Holz</T904_Bez>
    <T904_GruppeNr>103</T904_GruppeNr>
    <T904_AnzPers>0</T904_AnzPers>
    <T904_FaktKap>0</T904_FaktKap>
    <T904_KostSatz>0</T904_KostSatz>
    <T904_QsGR />
    <T904_KstRueckArt />
    <T904_BildName />
    <T904_Anlage>2019-03-06T12:05:45+01:00</T904_Anlage>
    <T904_Aenderung>2019-03-25T14:58:35.03+01:00</T904_Aenderung>
    <T904_User>gt013</T904_User>
  </T904_Kostenstellen>
  <T904_Kostenstellen>
    <T904_FirmaNR>TE</T904_FirmaNR>
    <T904_NR>1104</T904_NR>
    <T904_NRExtern />
    <T904_Bez>Qualitätssicherung</T904_Bez>
    <T904_GruppeNr>104</T904_GruppeNr>
    <T904_AnzPers>0</T904_AnzPers>
    <T904_FaktKap>0</T904_FaktKap>
    <T904_KostSatz>0</T904_KostSatz>
    <T904_QsGR />
    <T904_KstRueckArt />
    <T904_BildName />
    <T904_Anlage>2019-03-25T13:37:46+01:00</T904_Anlage>
    <T904_Aenderung>2019-03-25T14:58:04.327+01:00</T904_Aenderung>
    <T904_User>gt013</T904_User>
  </T904_Kostenstellen>
  <T904_Kostenstellen>
    <T904_FirmaNR>TE</T904_FirmaNR>
    <T904_NR>1101</T904_NR>
    <T904_NRExtern />
    <T904_Bez>Pappe falten</T904_Bez>
    <T904_GruppeNr>101</T904_GruppeNr>
    <T904_AnzPers>0</T904_AnzPers>
    <T904_FaktKap>0</T904_FaktKap>
    <T904_KostSatz>0</T904_KostSatz>
    <T904_QsGR />
    <T904_KstRueckArt />
    <T904_BildName />
    <T904_Anlage>2019-02-15T11:17:51.333+01:00</T904_Anlage>
    <T904_Aenderung>2019-02-15T11:17:51.333+01:00</T904_Aenderung>
    <T904_User>#fg</T904_User>
  </T904_Kostenstellen>
  <T904_Kostenstellen>
    <T904_FirmaNR>TE</T904_FirmaNR>
    <T904_NR>1024</T904_NR>
    <T904_NRExtern />
    <T904_Bez>Verpackung</T904_Bez>
    <T904_GruppeNr>24</T904_GruppeNr>
    <T904_AnzPers>0</T904_AnzPers>
    <T904_FaktKap>0</T904_FaktKap>
    <T904_KostSatz>0</T904_KostSatz>
    <T904_QsGR />
    <T904_KstRueckArt />
    <T904_BildName />
    <T904_Anlage>2017-04-12T09:23:25+02:00</T904_Anlage>
    <T904_Aenderung>2019-02-07T14:35:17.563+01:00</T904_Aenderung>
    <T904_User>tschneider</T904_User>
  </T904_Kostenstellen>
  <T904_Kostenstellen>
    <T904_FirmaNR>TE</T904_FirmaNR>
    <T904_NR>1020</T904_NR>
    <T904_NRExtern />
    <T904_Bez>Sonderfertigung</T904_Bez>
    <T904_GruppeNr>20</T904_GruppeNr>
    <T904_AnzPers>0</T904_AnzPers>
    <T904_FaktKap>0</T904_FaktKap>
    <T904_KostSatz>0</T904_KostSatz>
    <T904_QsGR />
    <T904_KstRueckArt />
    <T904_BildName />
    <T904_Anlage>2017-04-12T09:23:13+02:00</T904_Anlage>
    <T904_Aenderung>2019-02-07T14:35:08.187+01:00</T904_Aenderung>
    <T904_User>tschneider</T904_User>
  </T904_Kostenstellen>
  <T904_Kostenstellen>
    <T904_FirmaNR>TE</T904_FirmaNR>
    <T904_NR>KB001</T904_NR>
    <T904_NRExtern />
    <T904_Bez>Bima Getmold</T904_Bez>
    <T904_GruppeNr>26</T904_GruppeNr>
    <T904_AnzPers>0</T904_AnzPers>
    <T904_FaktKap>0</T904_FaktKap>
    <T904_KostSatz>0</T904_KostSatz>
    <T904_QsGR>0</T904_QsGR>
    <T904_KstRueckArt />
    <T904_BildName />
    <T904_Anlage>2017-05-12T09:49:28+02:00</T904_Anlage>
    <T904_Aenderung>2019-02-07T14:34:56.42+01:00</T904_Aenderung>
    <T904_User>tschneider</T904_User>
  </T904_Kostenstellen>
  <T904_Kostenstellen>
    <T904_FirmaNR>TE</T904_FirmaNR>
    <T904_NR>1018</T904_NR>
    <T904_NRExtern />
    <T904_Bez>BAZ Bünde</T904_Bez>
    <T904_GruppeNr>18</T904_GruppeNr>
    <T904_AnzPers>0</T904_AnzPers>
    <T904_FaktKap>0</T904_FaktKap>
    <T904_KostSatz>0</T904_KostSatz>
    <T904_QsGR />
    <T904_KstRueckArt />
    <T904_BildName />
    <T904_Anlage>2017-04-12T09:23:01+02:00</T904_Anlage>
    <T904_Aenderung>2019-02-07T14:34:36.45+01:00</T904_Aenderung>
    <T904_User>tschneider</T904_User>
  </T904_Kostenstellen>
  <T904_Kostenstellen>
    <T904_FirmaNR>TE</T904_FirmaNR>
    <T904_NR>1004</T904_NR>
    <T904_NRExtern />
    <T904_Bez>Frontenlager</T904_Bez>
    <T904_GruppeNr>04</T904_GruppeNr>
    <T904_AnzPers>0</T904_AnzPers>
    <T904_FaktKap>0</T904_FaktKap>
    <T904_KostSatz>0</T904_KostSatz>
    <T904_QsGR />
    <T904_KstRueckArt />
    <T904_BildName />
    <T904_Anlage>2017-04-12T09:21:08+02:00</T904_Anlage>
    <T904_Aenderung>2019-02-07T14:34:17.293+01:00</T904_Aenderung>
    <T904_User>tschneider</T904_User>
  </T904_Kostenstellen>
  <T904_Kostenstellen>
    <T904_FirmaNR>TE</T904_FirmaNR>
    <T904_NR>1005</T904_NR>
    <T904_NRExtern />
    <T904_Bez>Fronten bohren</T904_Bez>
    <T904_GruppeNr>05</T904_GruppeNr>
    <T904_AnzPers>0</T904_AnzPers>
    <T904_FaktKap>0</T904_FaktKap>
    <T904_KostSatz>0</T904_KostSatz>
    <T904_QsGR />
    <T904_KstRueckArt />
    <T904_BildName />
    <T904_Anlage>2017-04-12T09:21:20+02:00</T904_Anlage>
    <T904_Aenderung>2019-02-07T14:34:06.623+01:00</T904_Aenderung>
    <T904_User>tschneider</T904_User>
  </T904_Kostenstellen>
  <T904_Kostenstellen>
    <T904_FirmaNR>TE</T904_FirmaNR>
    <T904_NR>1012</T904_NR>
    <T904_NRExtern />
    <T904_Bez>SK-Abteilung</T904_Bez>
    <T904_GruppeNr>12</T904_GruppeNr>
    <T904_AnzPers>0</T904_AnzPers>
    <T904_FaktKap>0</T904_FaktKap>
    <T904_KostSatz>0</T904_KostSatz>
    <T904_QsGR />
    <T904_KstRueckArt />
    <T904_BildName />
    <T904_Anlage>2017-04-12T09:22:49+02:00</T904_Anlage>
    <T904_Aenderung>2019-02-07T14:33:34.397+01:00</T904_Aenderung>
    <T904_User>tschneider</T904_User>
  </T904_Kostenstellen>
  <T904_Kostenstellen>
    <T904_FirmaNR>TE</T904_FirmaNR>
    <T904_NR>1010</T904_NR>
    <T904_NRExtern />
    <T904_Bez>Versand</T904_Bez>
    <T904_GruppeNr>10</T904_GruppeNr>
    <T904_AnzPers>0</T904_AnzPers>
    <T904_FaktKap>0</T904_FaktKap>
    <T904_KostSatz>0</T904_KostSatz>
    <T904_QsGR />
    <T904_KstRueckArt />
    <T904_BildName />
    <T904_Anlage>2017-04-12T09:22:23+02:00</T904_Anlage>
    <T904_Aenderung>2019-02-07T14:05:02.64+01:00</T904_Aenderung>
    <T904_User>tschneider</T904_User>
  </T904_Kostenstellen>
  <T904_Kostenstellen>
    <T904_FirmaNR>TE</T904_FirmaNR>
    <T904_NR>1008</T904_NR>
    <T904_NRExtern />
    <T904_Bez>HS-Montage</T904_Bez>
    <T904_GruppeNr>08</T904_GruppeNr>
    <T904_AnzPers>0</T904_AnzPers>
    <T904_FaktKap>0</T904_FaktKap>
    <T904_KostSatz>0</T904_KostSatz>
    <T904_QsGR />
    <T904_KstRueckArt />
    <T904_BildName />
    <T904_Anlage>2017-04-12T09:22:07+02:00</T904_Anlage>
    <T904_Aenderung>2019-02-07T14:04:51.217+01:00</T904_Aenderung>
    <T904_User>tschneider</T904_User>
  </T904_Kostenstellen>
  <T904_Kostenstellen>
    <T904_FirmaNR>TE</T904_FirmaNR>
    <T904_NR>1007</T904_NR>
    <T904_NRExtern />
    <T904_Bez>Montage Sonder-/Eckschränke</T904_Bez>
    <T904_GruppeNr>07</T904_GruppeNr>
    <T904_AnzPers>0</T904_AnzPers>
    <T904_FaktKap>0</T904_FaktKap>
    <T904_KostSatz>0</T904_KostSatz>
    <T904_QsGR />
    <T904_KstRueckArt />
    <T904_BildName />
    <T904_Anlage>2017-04-12T09:21:54+02:00</T904_Anlage>
    <T904_Aenderung>2019-02-07T14:00:06.903+01:00</T904_Aenderung>
    <T904_User>tschneider</T904_User>
  </T904_Kostenstellen>
  <T904_Kostenstellen>
    <T904_FirmaNR>TE</T904_FirmaNR>
    <T904_NR>1006</T904_NR>
    <T904_NRExtern />
    <T904_Bez>Stern-Montage</T904_Bez>
    <T904_GruppeNr>06</T904_GruppeNr>
    <T904_AnzPers>0</T904_AnzPers>
    <T904_FaktKap>0</T904_FaktKap>
    <T904_KostSatz>0</T904_KostSatz>
    <T904_QsGR />
    <T904_KstRueckArt />
    <T904_BildName />
    <T904_Anlage>2017-04-12T09:21:34+02:00</T904_Anlage>
    <T904_Aenderung>2019-02-07T13:59:50.463+01:00</T904_Aenderung>
    <T904_User>tschneider</T904_User>
  </T904_Kostenstellen>
  <T904_Kostenstellen>
    <T904_FirmaNR>TE</T904_FirmaNR>
    <T904_NR>KZ004</T904_NR>
    <T904_NRExtern />
    <T904_Bez>Bereitst. Comil Sonder - RW</T904_Bez>
    <T904_GruppeNr>25</T904_GruppeNr>
    <T904_AnzPers>0</T904_AnzPers>
    <T904_FaktKap>0</T904_FaktKap>
    <T904_KostSatz>0</T904_KostSatz>
    <T904_QsGR>0</T904_QsGR>
    <T904_KstRueckArt />
    <T904_BildName />
    <T904_Anlage>2017-05-12T09:49:28+02:00</T904_Anlage>
    <T904_Aenderung>2018-06-26T11:47:07.777+02:00</T904_Aenderung>
    <T904_User>tschneider</T904_User>
  </T904_Kostenstellen>
  <T904_Kostenstellen>
    <T904_FirmaNR>TE</T904_FirmaNR>
    <T904_NR>KZ003</T904_NR>
    <T904_NRExtern />
    <T904_Bez>Bereitst. OWH - RW</T904_Bez>
    <T904_GruppeNr>25</T904_GruppeNr>
    <T904_AnzPers>0</T904_AnzPers>
    <T904_FaktKap>0</T904_FaktKap>
    <T904_KostSatz>0</T904_KostSatz>
    <T904_QsGR>0</T904_QsGR>
    <T904_KstRueckArt />
    <T904_BildName />
    <T904_Anlage>2017-05-12T09:49:28+02:00</T904_Anlage>
    <T904_Aenderung>2018-06-26T11:46:53.62+02:00</T904_Aenderung>
    <T904_User>tschneider</T904_User>
  </T904_Kostenstellen>
  <T904_Kostenstellen>
    <T904_FirmaNR>TE</T904_FirmaNR>
    <T904_NR>KF007</T904_NR>
    <T904_NRExtern />
    <T904_Bez>Zuschnitt Lagerware</T904_Bez>
    <T904_GruppeNr>17</T904_GruppeNr>
    <T904_AnzPers>0</T904_AnzPers>
    <T904_FaktKap>0</T904_FaktKap>
    <T904_KostSatz>0</T904_KostSatz>
    <T904_QsGR>0</T904_QsGR>
    <T904_KstRueckArt />
    <T904_BildName />
    <T904_Anlage>2017-05-12T09:49:28+02:00</T904_Anlage>
    <T904_Aenderung>2018-03-06T09:30:38.07+01:00</T904_Aenderung>
    <T904_User>#fg</T904_User>
  </T904_Kostenstellen>
  <T904_Kostenstellen>
    <T904_FirmaNR>TE</T904_FirmaNR>
    <T904_NR>KA001</T904_NR>
    <T904_NRExtern />
    <T904_Bez>Bekantung Lagerware</T904_Bez>
    <T904_GruppeNr>01</T904_GruppeNr>
    <T904_AnzPers>0</T904_AnzPers>
    <T904_FaktKap>0</T904_FaktKap>
    <T904_KostSatz>0</T904_KostSatz>
    <T904_QsGR>0</T904_QsGR>
    <T904_KstRueckArt />
    <T904_BildName />
    <T904_Anlage>2018-03-06T09:29:04.71+01:00</T904_Anlage>
    <T904_Aenderung>2018-03-06T09:29:04.71+01:00</T904_Aenderung>
    <T904_User>#fg</T904_User>
  </T904_Kostenstellen>
  <T904_Kostenstellen>
    <T904_FirmaNR>TE</T904_FirmaNR>
    <T904_NR>KF010</T904_NR>
    <T904_NRExtern />
    <T904_Bez>Strahler BIMA</T904_Bez>
    <T904_GruppeNr>26</T904_GruppeNr>
    <T904_AnzPers>0</T904_AnzPers>
    <T904_FaktKap>0</T904_FaktKap>
    <T904_KostSatz>0</T904_KostSatz>
    <T904_QsGR>0</T904_QsGR>
    <T904_KstRueckArt />
    <T904_BildName />
    <T904_Anlage>2017-10-10T13:15:12.357+02:00</T904_Anlage>
    <T904_Aenderung>2017-10-10T13:15:12.357+02:00</T904_Aenderung>
    <T904_User>#fg</T904_User>
  </T904_Kostenstellen>
  <T904_Kostenstellen>
    <T904_FirmaNR>TE</T904_FirmaNR>
    <T904_NR>K9003</T904_NR>
    <T904_NRExtern />
    <T904_Bez>Bereitst. HS - RW</T904_Bez>
    <T904_GruppeNr>03</T904_GruppeNr>
    <T904_AnzPers>0</T904_AnzPers>
    <T904_FaktKap>0</T904_FaktKap>
    <T904_KostSatz>0</T904_KostSatz>
    <T904_QsGR>0</T904_QsGR>
    <T904_KstRueckArt />
    <T904_BildName />
    <T904_Anlage>2017-05-12T09:49:28+02:00</T904_Anlage>
    <T904_Aenderung>2017-08-15T15:56:41.273+02:00</T904_Aenderung>
    <T904_User>#fg</T904_User>
  </T904_Kostenstellen>
  <T904_Kostenstellen>
    <T904_FirmaNR>TE</T904_FirmaNR>
    <T904_NR>KF008</T904_NR>
    <T904_NRExtern />
    <T904_Bez>Zuschnitt Sondermasse</T904_Bez>
    <T904_GruppeNr>25</T904_GruppeNr>
    <T904_AnzPers>0</T904_AnzPers>
    <T904_FaktKap>0</T904_FaktKap>
    <T904_KostSatz>0</T904_KostSatz>
    <T904_QsGR>0</T904_QsGR>
    <T904_KstRueckArt />
    <T904_BildName />
    <T904_Anlage>2017-05-12T09:49:28.943+02:00</T904_Anlage>
    <T904_Aenderung>2017-05-12T09:49:28.943+02:00</T904_Aenderung>
    <T904_User>#fg</T904_User>
  </T904_Kostenstellen>
  <T904_Kostenstellen>
    <T904_FirmaNR>TE</T904_FirmaNR>
    <T904_NR>KF009</T904_NR>
    <T904_NRExtern />
    <T904_Bez>Bekantung 19mm</T904_Bez>
    <T904_GruppeNr>14</T904_GruppeNr>
    <T904_AnzPers>0</T904_AnzPers>
    <T904_FaktKap>0</T904_FaktKap>
    <T904_KostSatz>0</T904_KostSatz>
    <T904_QsGR>0</T904_QsGR>
    <T904_KstRueckArt />
    <T904_BildName />
    <T904_Anlage>2017-05-12T09:49:28.943+02:00</T904_Anlage>
    <T904_Aenderung>2017-05-12T09:49:28.943+02:00</T904_Aenderung>
    <T904_User>#fg</T904_User>
  </T904_Kostenstellen>
  <T904_Kostenstellen>
    <T904_FirmaNR>TE</T904_FirmaNR>
    <T904_NR>K7001</T904_NR>
    <T904_NRExtern />
    <T904_Bez>Bereitst. Dübelware</T904_Bez>
    <T904_GruppeNr>03</T904_GruppeNr>
    <T904_AnzPers>0</T904_AnzPers>
    <T904_FaktKap>0</T904_FaktKap>
    <T904_KostSatz>0</T904_KostSatz>
    <T904_QsGR>0</T904_QsGR>
    <T904_KstRueckArt />
    <T904_BildName />
    <T904_Anlage>2017-05-12T09:49:28.943+02:00</T904_Anlage>
    <T904_Aenderung>2017-05-12T09:49:28.943+02:00</T904_Aenderung>
    <T904_User>#fg</T904_User>
  </T904_Kostenstellen>
  <T904_Kostenstellen>
    <T904_FirmaNR>TE</T904_FirmaNR>
    <T904_NR>K8001</T904_NR>
    <T904_NRExtern />
    <T904_Bez>Bereitst. E-Böden</T904_Bez>
    <T904_GruppeNr>03</T904_GruppeNr>
    <T904_AnzPers>0</T904_AnzPers>
    <T904_FaktKap>0</T904_FaktKap>
    <T904_KostSatz>0</T904_KostSatz>
    <T904_QsGR>0</T904_QsGR>
    <T904_KstRueckArt />
    <T904_BildName />
    <T904_Anlage>2017-05-12T09:49:28.943+02:00</T904_Anlage>
    <T904_Aenderung>2017-05-12T09:49:28.943+02:00</T904_Aenderung>
    <T904_User>#fg</T904_User>
  </T904_Kostenstellen>
  <T904_Kostenstellen>
    <T904_FirmaNR>TE</T904_FirmaNR>
    <T904_NR>K9001</T904_NR>
    <T904_NRExtern />
    <T904_Bez>Bereitst. UT/OT- RW</T904_Bez>
    <T904_GruppeNr>03</T904_GruppeNr>
    <T904_AnzPers>0</T904_AnzPers>
    <T904_FaktKap>0</T904_FaktKap>
    <T904_KostSatz>0</T904_KostSatz>
    <T904_QsGR>0</T904_QsGR>
    <T904_KstRueckArt />
    <T904_BildName />
    <T904_Anlage>2017-05-12T09:49:28.943+02:00</T904_Anlage>
    <T904_Aenderung>2017-05-12T09:49:28.943+02:00</T904_Aenderung>
    <T904_User>#fg</T904_User>
  </T904_Kostenstellen>
  <T904_Kostenstellen>
    <T904_FirmaNR>TE</T904_FirmaNR>
    <T904_NR>KK001</T904_NR>
    <T904_NRExtern />
    <T904_Bez>Nachschüsse / Organisation</T904_Bez>
    <T904_GruppeNr>03</T904_GruppeNr>
    <T904_AnzPers>0</T904_AnzPers>
    <T904_FaktKap>0</T904_FaktKap>
    <T904_KostSatz>0</T904_KostSatz>
    <T904_QsGR>0</T904_QsGR>
    <T904_KstRueckArt />
    <T904_BildName />
    <T904_Anlage>2017-05-12T09:49:28.943+02:00</T904_Anlage>
    <T904_Aenderung>2017-05-12T09:49:28.943+02:00</T904_Aenderung>
    <T904_User>#fg</T904_User>
  </T904_Kostenstellen>
  <T904_Kostenstellen>
    <T904_FirmaNR>TE</T904_FirmaNR>
    <T904_NR>KK002</T904_NR>
    <T904_NRExtern />
    <T904_Bez>Bereitst. Regale</T904_Bez>
    <T904_GruppeNr>03</T904_GruppeNr>
    <T904_AnzPers>0</T904_AnzPers>
    <T904_FaktKap>0</T904_FaktKap>
    <T904_KostSatz>0</T904_KostSatz>
    <T904_QsGR>0</T904_QsGR>
    <T904_KstRueckArt />
    <T904_BildName />
    <T904_Anlage>2017-05-12T09:49:28.943+02:00</T904_Anlage>
    <T904_Aenderung>2017-05-12T09:49:28.943+02:00</T904_Aenderung>
    <T904_User>#fg</T904_User>
  </T904_Kostenstellen>
  <T904_Kostenstellen>
    <T904_FirmaNR>TE</T904_FirmaNR>
    <T904_NR>KK003</T904_NR>
    <T904_NRExtern />
    <T904_Bez>Bereitst. Sonderanf.</T904_Bez>
    <T904_GruppeNr>03</T904_GruppeNr>
    <T904_AnzPers>0</T904_AnzPers>
    <T904_FaktKap>0</T904_FaktKap>
    <T904_KostSatz>0</T904_KostSatz>
    <T904_QsGR>0</T904_QsGR>
    <T904_KstRueckArt />
    <T904_BildName />
    <T904_Anlage>2017-05-12T09:49:28.943+02:00</T904_Anlage>
    <T904_Aenderung>2017-05-12T09:49:28.943+02:00</T904_Aenderung>
    <T904_User>#fg</T904_User>
  </T904_Kostenstellen>
  <T904_Kostenstellen>
    <T904_FirmaNR>TE</T904_FirmaNR>
    <T904_NR>KM001</T904_NR>
    <T904_NRExtern />
    <T904_Bez>Materialtransport</T904_Bez>
    <T904_GruppeNr>03</T904_GruppeNr>
    <T904_AnzPers>0</T904_AnzPers>
    <T904_FaktKap>0</T904_FaktKap>
    <T904_KostSatz>0</T904_KostSatz>
    <T904_QsGR>0</T904_QsGR>
    <T904_KstRueckArt />
    <T904_BildName />
    <T904_Anlage>2017-05-12T09:49:28.943+02:00</T904_Anlage>
    <T904_Aenderung>2017-05-12T09:49:28.943+02:00</T904_Aenderung>
    <T904_User>#fg</T904_User>
  </T904_Kostenstellen>
  <T904_Kostenstellen>
    <T904_FirmaNR>TE</T904_FirmaNR>
    <T904_NR>KN001</T904_NR>
    <T904_NRExtern />
    <T904_Bez>Nachschuß schneiden</T904_Bez>
    <T904_GruppeNr>14</T904_GruppeNr>
    <T904_AnzPers>0</T904_AnzPers>
    <T904_FaktKap>0</T904_FaktKap>
    <T904_KostSatz>0</T904_KostSatz>
    <T904_QsGR>0</T904_QsGR>
    <T904_KstRueckArt />
    <T904_BildName />
    <T904_Anlage>2017-05-12T09:49:28.943+02:00</T904_Anlage>
    <T904_Aenderung>2017-05-12T09:49:28.943+02:00</T904_Aenderung>
    <T904_User>#fg</T904_User>
  </T904_Kostenstellen>
  <T904_Kostenstellen>
    <T904_FirmaNR>TE</T904_FirmaNR>
    <T904_NR>KS001</T904_NR>
    <T904_NRExtern />
    <T904_Bez>Alte Schelling </T904_Bez>
    <T904_GruppeNr>17</T904_GruppeNr>
    <T904_AnzPers>0</T904_AnzPers>
    <T904_FaktKap>0</T904_FaktKap>
    <T904_KostSatz>0</T904_KostSatz>
    <T904_QsGR>0</T904_QsGR>
    <T904_KstRueckArt />
    <T904_BildName />
    <T904_Anlage>2017-05-12T09:49:28.943+02:00</T904_Anlage>
    <T904_Aenderung>2017-05-12T09:49:28.943+02:00</T904_Aenderung>
    <T904_User>#fg</T904_User>
  </T904_Kostenstellen>
  <T904_Kostenstellen>
    <T904_FirmaNR>TE</T904_FirmaNR>
    <T904_NR>KS002</T904_NR>
    <T904_NRExtern />
    <T904_Bez>Grosse Schelling </T904_Bez>
    <T904_GruppeNr>17</T904_GruppeNr>
    <T904_AnzPers>0</T904_AnzPers>
    <T904_FaktKap>0</T904_FaktKap>
    <T904_KostSatz>0</T904_KostSatz>
    <T904_QsGR>0</T904_QsGR>
    <T904_KstRueckArt />
    <T904_BildName />
    <T904_Anlage>2017-05-12T09:49:28.943+02:00</T904_Anlage>
    <T904_Aenderung>2017-05-12T09:49:28.943+02:00</T904_Aenderung>
    <T904_User>#fg</T904_User>
  </T904_Kostenstellen>
  <T904_Kostenstellen>
    <T904_FirmaNR>TE</T904_FirmaNR>
    <T904_NR>KS003</T904_NR>
    <T904_NRExtern />
    <T904_Bez>Plattenlager</T904_Bez>
    <T904_GruppeNr>17</T904_GruppeNr>
    <T904_AnzPers>0</T904_AnzPers>
    <T904_FaktKap>0</T904_FaktKap>
    <T904_KostSatz>0</T904_KostSatz>
    <T904_QsGR>0</T904_QsGR>
    <T904_KstRueckArt />
    <T904_BildName />
    <T904_Anlage>2017-05-12T09:49:28.943+02:00</T904_Anlage>
    <T904_Aenderung>2017-05-12T09:49:28.943+02:00</T904_Aenderung>
    <T904_User>#fg</T904_User>
  </T904_Kostenstellen>
  <T904_Kostenstellen>
    <T904_FirmaNR>TE</T904_FirmaNR>
    <T904_NR>KV001</T904_NR>
    <T904_NRExtern />
    <T904_Bez>Verladen / Logistik</T904_Bez>
    <T904_GruppeNr>16</T904_GruppeNr>
    <T904_AnzPers>0</T904_AnzPers>
    <T904_FaktKap>0</T904_FaktKap>
    <T904_KostSatz>0</T904_KostSatz>
    <T904_QsGR>0</T904_QsGR>
    <T904_KstRueckArt />
    <T904_BildName />
    <T904_Anlage>2017-05-12T09:49:28.943+02:00</T904_Anlage>
    <T904_Aenderung>2017-05-12T09:49:28.943+02:00</T904_Aenderung>
    <T904_User>#fg</T904_User>
  </T904_Kostenstellen>
  <T904_Kostenstellen>
    <T904_FirmaNR>TE</T904_FirmaNR>
    <T904_NR>KV002</T904_NR>
    <T904_NRExtern />
    <T904_Bez>Verladen Gr. 03</T904_Bez>
    <T904_GruppeNr>03</T904_GruppeNr>
    <T904_AnzPers>0</T904_AnzPers>
    <T904_FaktKap>0</T904_FaktKap>
    <T904_KostSatz>0</T904_KostSatz>
    <T904_QsGR>0</T904_QsGR>
    <T904_KstRueckArt />
    <T904_BildName />
    <T904_Anlage>2017-05-12T09:49:28.943+02:00</T904_Anlage>
    <T904_Aenderung>2017-05-12T09:49:28.943+02:00</T904_Aenderung>
    <T904_User>#fg</T904_User>
  </T904_Kostenstellen>
  <T904_Kostenstellen>
    <T904_FirmaNR>TE</T904_FirmaNR>
    <T904_NR>KV003</T904_NR>
    <T904_NRExtern />
    <T904_Bez>Fronten zu Versand</T904_Bez>
    <T904_GruppeNr>14</T904_GruppeNr>
    <T904_AnzPers>0</T904_AnzPers>
    <T904_FaktKap>0</T904_FaktKap>
    <T904_KostSatz>0</T904_KostSatz>
    <T904_QsGR>0</T904_QsGR>
    <T904_KstRueckArt />
    <T904_BildName />
    <T904_Anlage>2017-05-12T09:49:28.943+02:00</T904_Anlage>
    <T904_Aenderung>2017-05-12T09:49:28.943+02:00</T904_Aenderung>
    <T904_User>#fg</T904_User>
  </T904_Kostenstellen>
  <T904_Kostenstellen>
    <T904_FirmaNR>TE</T904_FirmaNR>
    <T904_NR>KZ002</T904_NR>
    <T904_NRExtern />
    <T904_Bez>Bekanten,Fälzen,Bohren,Dübeln</T904_Bez>
    <T904_GruppeNr>25</T904_GruppeNr>
    <T904_AnzPers>0</T904_AnzPers>
    <T904_FaktKap>0</T904_FaktKap>
    <T904_KostSatz>0</T904_KostSatz>
    <T904_QsGR>0</T904_QsGR>
    <T904_KstRueckArt />
    <T904_BildName />
    <T904_Anlage>2017-05-12T09:49:28.943+02:00</T904_Anlage>
    <T904_Aenderung>2017-05-12T09:49:28.943+02:00</T904_Aenderung>
    <T904_User>#fg</T904_User>
  </T904_Kostenstellen>
  <T904_Kostenstellen>
    <T904_FirmaNR>TE</T904_FirmaNR>
    <T904_NR>KB002</T904_NR>
    <T904_NRExtern />
    <T904_Bez>Kommissionieren</T904_Bez>
    <T904_GruppeNr>26</T904_GruppeNr>
    <T904_AnzPers>0</T904_AnzPers>
    <T904_FaktKap>0</T904_FaktKap>
    <T904_KostSatz>0</T904_KostSatz>
    <T904_QsGR>0</T904_QsGR>
    <T904_KstRueckArt />
    <T904_BildName />
    <T904_Anlage>2017-05-12T09:49:28.943+02:00</T904_Anlage>
    <T904_Aenderung>2017-05-12T09:49:28.943+02:00</T904_Aenderung>
    <T904_User>#fg</T904_User>
  </T904_Kostenstellen>
  <T904_Kostenstellen>
    <T904_FirmaNR>TE</T904_FirmaNR>
    <T904_NR>KB003</T904_NR>
    <T904_NRExtern />
    <T904_Bez>Bekanten</T904_Bez>
    <T904_GruppeNr>26</T904_GruppeNr>
    <T904_AnzPers>0</T904_AnzPers>
    <T904_FaktKap>0</T904_FaktKap>
    <T904_KostSatz>0</T904_KostSatz>
    <T904_QsGR>0</T904_QsGR>
    <T904_KstRueckArt />
    <T904_BildName />
    <T904_Anlage>2017-05-12T09:49:28.943+02:00</T904_Anlage>
    <T904_Aenderung>2017-05-12T09:49:28.943+02:00</T904_Aenderung>
    <T904_User>#fg</T904_User>
  </T904_Kostenstellen>
  <T904_Kostenstellen>
    <T904_FirmaNR>TE</T904_FirmaNR>
    <T904_NR>KB004</T904_NR>
    <T904_NRExtern />
    <T904_Bez>Eckböden bekanten</T904_Bez>
    <T904_GruppeNr>26</T904_GruppeNr>
    <T904_AnzPers>0</T904_AnzPers>
    <T904_FaktKap>0</T904_FaktKap>
    <T904_KostSatz>0</T904_KostSatz>
    <T904_QsGR>0</T904_QsGR>
    <T904_KstRueckArt />
    <T904_BildName />
    <T904_Anlage>2017-05-12T09:49:28.943+02:00</T904_Anlage>
    <T904_Aenderung>2017-05-12T09:49:28.943+02:00</T904_Aenderung>
    <T904_User>#fg</T904_User>
  </T904_Kostenstellen>
  <T904_Kostenstellen>
    <T904_FirmaNR>TE</T904_FirmaNR>
    <T904_NR>KF001</T904_NR>
    <T904_NRExtern />
    <T904_Bez>Putzen</T904_Bez>
    <T904_GruppeNr>16</T904_GruppeNr>
    <T904_AnzPers>0</T904_AnzPers>
    <T904_FaktKap>0</T904_FaktKap>
    <T904_KostSatz>0</T904_KostSatz>
    <T904_QsGR>0</T904_QsGR>
    <T904_KstRueckArt />
    <T904_BildName />
    <T904_Anlage>2017-05-12T09:49:28.943+02:00</T904_Anlage>
    <T904_Aenderung>2017-05-12T09:49:28.943+02:00</T904_Aenderung>
    <T904_User>#fg</T904_User>
  </T904_Kostenstellen>
  <T904_Kostenstellen>
    <T904_FirmaNR>TE</T904_FirmaNR>
    <T904_NR>KF002</T904_NR>
    <T904_NRExtern />
    <T904_Bez>Fertigung 50/75 Stollen</T904_Bez>
    <T904_GruppeNr>16</T904_GruppeNr>
    <T904_AnzPers>0</T904_AnzPers>
    <T904_FaktKap>0</T904_FaktKap>
    <T904_KostSatz>0</T904_KostSatz>
    <T904_QsGR>0</T904_QsGR>
    <T904_KstRueckArt />
    <T904_BildName />
    <T904_Anlage>2017-05-12T09:49:28.943+02:00</T904_Anlage>
    <T904_Aenderung>2017-05-12T09:49:28.943+02:00</T904_Aenderung>
    <T904_User>#fg</T904_User>
  </T904_Kostenstellen>
  <T904_Kostenstellen>
    <T904_FirmaNR>TE</T904_FirmaNR>
    <T904_NR>KF003</T904_NR>
    <T904_NRExtern />
    <T904_Bez>Bekantung 16/25</T904_Bez>
    <T904_GruppeNr>16</T904_GruppeNr>
    <T904_AnzPers>0</T904_AnzPers>
    <T904_FaktKap>0</T904_FaktKap>
    <T904_KostSatz>0</T904_KostSatz>
    <T904_QsGR>0</T904_QsGR>
    <T904_KstRueckArt />
    <T904_BildName />
    <T904_Anlage>2017-05-12T09:49:28.943+02:00</T904_Anlage>
    <T904_Aenderung>2017-05-12T09:49:28.943+02:00</T904_Aenderung>
    <T904_User>#fg</T904_User>
  </T904_Kostenstellen>
  <T904_Kostenstellen>
    <T904_FirmaNR>TE</T904_FirmaNR>
    <T904_NR>KF004</T904_NR>
    <T904_NRExtern />
    <T904_Bez>Schelling FH6</T904_Bez>
    <T904_GruppeNr>17</T904_GruppeNr>
    <T904_AnzPers>0</T904_AnzPers>
    <T904_FaktKap>0</T904_FaktKap>
    <T904_KostSatz>0</T904_KostSatz>
    <T904_QsGR>0</T904_QsGR>
    <T904_KstRueckArt />
    <T904_BildName />
    <T904_Anlage>2017-05-12T09:49:28.943+02:00</T904_Anlage>
    <T904_Aenderung>2017-05-12T09:49:28.943+02:00</T904_Aenderung>
    <T904_User>#fg</T904_User>
  </T904_Kostenstellen>
  <T904_Kostenstellen>
    <T904_FirmaNR>TE</T904_FirmaNR>
    <T904_NR>KF005</T904_NR>
    <T904_NRExtern />
    <T904_Bez>Griffleiste / Strahler</T904_Bez>
    <T904_GruppeNr>26</T904_GruppeNr>
    <T904_AnzPers>0</T904_AnzPers>
    <T904_FaktKap>0</T904_FaktKap>
    <T904_KostSatz>0</T904_KostSatz>
    <T904_QsGR>0</T904_QsGR>
    <T904_KstRueckArt />
    <T904_BildName />
    <T904_Anlage>2017-05-12T09:49:28.943+02:00</T904_Anlage>
    <T904_Aenderung>2017-05-12T09:49:28.943+02:00</T904_Aenderung>
    <T904_User>#fg</T904_User>
  </T904_Kostenstellen>
  <T904_Kostenstellen>
    <T904_FirmaNR>TE</T904_FirmaNR>
    <T904_NR>KF006</T904_NR>
    <T904_NRExtern />
    <T904_Bez>Bereitst. Comil Sonder</T904_Bez>
    <T904_GruppeNr>03</T904_GruppeNr>
    <T904_AnzPers>0</T904_AnzPers>
    <T904_FaktKap>0</T904_FaktKap>
    <T904_KostSatz>0</T904_KostSatz>
    <T904_QsGR>0</T904_QsGR>
    <T904_KstRueckArt />
    <T904_BildName />
    <T904_Anlage>2017-05-12T09:49:28.943+02:00</T904_Anlage>
    <T904_Aenderung>2017-05-12T09:49:28.943+02:00</T904_Aenderung>
    <T904_User>#fg</T904_User>
  </T904_Kostenstellen>
  <T904_Kostenstellen>
    <T904_FirmaNR>TE</T904_FirmaNR>
    <T904_NR>K6001</T904_NR>
    <T904_NRExtern />
    <T904_Bez>Bereitst. UT/OT-Seiten</T904_Bez>
    <T904_GruppeNr>03</T904_GruppeNr>
    <T904_AnzPers>0</T904_AnzPers>
    <T904_FaktKap>0</T904_FaktKap>
    <T904_KostSatz>0</T904_KostSatz>
    <T904_QsGR>0</T904_QsGR>
    <T904_KstRueckArt />
    <T904_BildName />
    <T904_Anlage>2017-05-12T09:49:28.943+02:00</T904_Anlage>
    <T904_Aenderung>2017-05-12T09:49:28.943+02:00</T904_Aenderung>
    <T904_User>#fg</T904_User>
  </T904_Kostenstellen>
  <T904_Kostenstellen>
    <T904_FirmaNR>TE</T904_FirmaNR>
    <T904_NR>K6002</T904_NR>
    <T904_NRExtern />
    <T904_Bez>Bereitst. HS-Seiten</T904_Bez>
    <T904_GruppeNr>03</T904_GruppeNr>
    <T904_AnzPers>0</T904_AnzPers>
    <T904_FaktKap>0</T904_FaktKap>
    <T904_KostSatz>0</T904_KostSatz>
    <T904_QsGR>0</T904_QsGR>
    <T904_KstRueckArt />
    <T904_BildName />
    <T904_Anlage>2017-05-12T09:49:28.943+02:00</T904_Anlage>
    <T904_Aenderung>2017-05-12T09:49:28.943+02:00</T904_Aenderung>
    <T904_User>#fg</T904_User>
  </T904_Kostenstellen>
  <T904_Kostenstellen>
    <T904_FirmaNR>TE</T904_FirmaNR>
    <T904_NR>K6398</T904_NR>
    <T904_NRExtern />
    <T904_Bez>Bereitst. Pfosten</T904_Bez>
    <T904_GruppeNr>03</T904_GruppeNr>
    <T904_AnzPers>0</T904_AnzPers>
    <T904_FaktKap>0</T904_FaktKap>
    <T904_KostSatz>0</T904_KostSatz>
    <T904_QsGR>0</T904_QsGR>
    <T904_KstRueckArt />
    <T904_BildName />
    <T904_Anlage>2017-05-12T09:49:28.943+02:00</T904_Anlage>
    <T904_Aenderung>2017-05-12T09:49:28.943+02:00</T904_Aenderung>
    <T904_User>#fg</T904_User>
  </T904_Kostenstellen>
  <T904_Kostenstellen>
    <T904_FirmaNR>TE</T904_FirmaNR>
    <T904_NR>K0006</T904_NR>
    <T904_NRExtern />
    <T904_Bez>Verpackung</T904_Bez>
    <T904_GruppeNr>16</T904_GruppeNr>
    <T904_AnzPers>0</T904_AnzPers>
    <T904_FaktKap>0</T904_FaktKap>
    <T904_KostSatz>0</T904_KostSatz>
    <T904_QsGR>0</T904_QsGR>
    <T904_KstRueckArt />
    <T904_BildName />
    <T904_Anlage>2017-05-12T09:49:28.943+02:00</T904_Anlage>
    <T904_Aenderung>2017-05-12T09:49:28.943+02:00</T904_Aenderung>
    <T904_User>#fg</T904_User>
  </T904_Kostenstellen>
  <T904_Kostenstellen>
    <T904_FirmaNR>TE</T904_FirmaNR>
    <T904_NR>K4001</T904_NR>
    <T904_NRExtern />
    <T904_Bez>Endkontrolle Fronten</T904_Bez>
    <T904_GruppeNr>14</T904_GruppeNr>
    <T904_AnzPers>0</T904_AnzPers>
    <T904_FaktKap>0</T904_FaktKap>
    <T904_KostSatz>0</T904_KostSatz>
    <T904_QsGR>0</T904_QsGR>
    <T904_KstRueckArt />
    <T904_BildName />
    <T904_Anlage>2017-05-12T09:49:28.943+02:00</T904_Anlage>
    <T904_Aenderung>2017-05-12T09:49:28.943+02:00</T904_Aenderung>
    <T904_User>#fg</T904_User>
  </T904_Kostenstellen>
  <T904_Kostenstellen>
    <T904_FirmaNR>TE</T904_FirmaNR>
    <T904_NR>KF011</T904_NR>
    <T904_NRExtern />
    <T904_Bez>Steckboardbeschlag</T904_Bez>
    <T904_GruppeNr>16</T904_GruppeNr>
    <T904_AnzPers>0</T904_AnzPers>
    <T904_FaktKap>0</T904_FaktKap>
    <T904_KostSatz>0</T904_KostSatz>
    <T904_QsGR>0</T904_QsGR>
    <T904_KstRueckArt />
    <T904_BildName />
    <T904_Anlage>2017-05-12T09:49:28.943+02:00</T904_Anlage>
    <T904_Aenderung>2017-05-12T09:49:28.943+02:00</T904_Aenderung>
    <T904_User>#fg</T904_User>
  </T904_Kostenstellen>
  <T904_Kostenstellen>
    <T904_FirmaNR>TE</T904_FirmaNR>
    <T904_NR>2001</T904_NR>
    <T904_NRExtern />
    <T904_Bez>Gruppe 01</T904_Bez>
    <T904_GruppeNr>201</T904_GruppeNr>
    <T904_AnzPers>0</T904_AnzPers>
    <T904_FaktKap>0</T904_FaktKap>
    <T904_KostSatz>0</T904_KostSatz>
    <T904_QsGR />
    <T904_KstRueckArt />
    <T904_BildName />
    <T904_Anlage>2017-03-21T17:59:54+01:00</T904_Anlage>
    <T904_Aenderung>2017-04-12T09:18:36.763+02:00</T904_Aenderung>
    <T904_User>#fg</T904_User>
  </T904_Kostenstellen>
  <T904_Kostenstellen>
    <T904_FirmaNR>TE</T904_FirmaNR>
    <T904_NR>2026</T904_NR>
    <T904_NRExtern />
    <T904_Bez>Gruppe 26</T904_Bez>
    <T904_GruppeNr>201</T904_GruppeNr>
    <T904_AnzPers>0</T904_AnzPers>
    <T904_FaktKap>0</T904_FaktKap>
    <T904_KostSatz>0</T904_KostSatz>
    <T904_QsGR />
    <T904_KstRueckArt />
    <T904_BildName />
    <T904_Anlage>2017-04-11T13:17:16.417+02:00</T904_Anlage>
    <T904_Aenderung>2017-04-11T13:17:16.417+02:00</T904_Aenderung>
    <T904_User>#fg</T904_User>
  </T904_Kostenstellen>
  <T904_Kostenstellen>
    <T904_FirmaNR>TE</T904_FirmaNR>
    <T904_NR>2025</T904_NR>
    <T904_NRExtern />
    <T904_Bez>Gruppe 25</T904_Bez>
    <T904_GruppeNr>201</T904_GruppeNr>
    <T904_AnzPers>0</T904_AnzPers>
    <T904_FaktKap>0</T904_FaktKap>
    <T904_KostSatz>0</T904_KostSatz>
    <T904_QsGR />
    <T904_KstRueckArt />
    <T904_BildName />
    <T904_Anlage>2017-04-11T13:17:04.973+02:00</T904_Anlage>
    <T904_Aenderung>2017-04-11T13:17:04.973+02:00</T904_Aenderung>
    <T904_User>#fg</T904_User>
  </T904_Kostenstellen>
  <T904_Kostenstellen>
    <T904_FirmaNR>TE</T904_FirmaNR>
    <T904_NR>2017</T904_NR>
    <T904_NRExtern />
    <T904_Bez>Gruppe 17</T904_Bez>
    <T904_GruppeNr>201</T904_GruppeNr>
    <T904_AnzPers>0</T904_AnzPers>
    <T904_FaktKap>0</T904_FaktKap>
    <T904_KostSatz>0</T904_KostSatz>
    <T904_QsGR />
    <T904_KstRueckArt />
    <T904_BildName />
    <T904_Anlage>2017-04-11T12:05:17.19+02:00</T904_Anlage>
    <T904_Aenderung>2017-04-11T12:05:17.19+02:00</T904_Aenderung>
    <T904_User>#fg</T904_User>
  </T904_Kostenstellen>
  <T904_Kostenstellen>
    <T904_FirmaNR>TE</T904_FirmaNR>
    <T904_NR>2016</T904_NR>
    <T904_NRExtern />
    <T904_Bez>Gruppe 16</T904_Bez>
    <T904_GruppeNr>201</T904_GruppeNr>
    <T904_AnzPers>0</T904_AnzPers>
    <T904_FaktKap>0</T904_FaktKap>
    <T904_KostSatz>0</T904_KostSatz>
    <T904_QsGR />
    <T904_KstRueckArt />
    <T904_BildName />
    <T904_Anlage>2017-04-11T12:04:57.723+02:00</T904_Anlage>
    <T904_Aenderung>2017-04-11T12:04:57.723+02:00</T904_Aenderung>
    <T904_User>#fg</T904_User>
  </T904_Kostenstellen>
  <T904_Kostenstellen>
    <T904_FirmaNR>TE</T904_FirmaNR>
    <T904_NR>2003</T904_NR>
    <T904_NRExtern />
    <T904_Bez>Gruppe 03</T904_Bez>
    <T904_GruppeNr>201</T904_GruppeNr>
    <T904_AnzPers>0</T904_AnzPers>
    <T904_FaktKap>0</T904_FaktKap>
    <T904_KostSatz>0</T904_KostSatz>
    <T904_QsGR />
    <T904_KstRueckArt />
    <T904_BildName />
    <T904_Anlage>2017-04-11T12:04:44.113+02:00</T904_Anlage>
    <T904_Aenderung>2017-04-11T12:04:44.113+02:00</T904_Aenderung>
    <T904_User>#fg</T904_User>
  </T904_Kostenstellen>
  <T904_Kostenstellen>
    <T904_FirmaNR>TE</T904_FirmaNR>
    <T904_NR>2014</T904_NR>
    <T904_NRExtern />
    <T904_Bez>Gruppe 14</T904_Bez>
    <T904_GruppeNr>201</T904_GruppeNr>
    <T904_AnzPers>0</T904_AnzPers>
    <T904_FaktKap>0</T904_FaktKap>
    <T904_KostSatz>0</T904_KostSatz>
    <T904_QsGR />
    <T904_KstRueckArt />
    <T904_BildName />
    <T904_Anlage>2017-04-11T12:04:35.74+02:00</T904_Anlage>
    <T904_Aenderung>2017-04-11T12:04:35.74+02:00</T904_Aenderung>
    <T904_User>#fg</T904_User>
  </T904_Kostenstellen>
  <T904_Kostenstellen>
    <T904_FirmaNR>TE</T904_FirmaNR>
    <T904_NR>1001</T904_NR>
    <T904_NRExtern />
    <T904_Bez>Bünde</T904_Bez>
    <T904_GruppeNr>201</T904_GruppeNr>
    <T904_AnzPers>0</T904_AnzPers>
    <T904_FaktKap>0</T904_FaktKap>
    <T904_KostSatz>0</T904_KostSatz>
    <T904_QsGR />
    <T904_KstRueckArt />
    <T904_BildName />
    <T904_Anlage>2017-03-21T18:00:05.143+01:00</T904_Anlage>
    <T904_Aenderung>2017-03-21T18:00:05.143+01:00</T904_Aenderung>
    <T904_User>#fg</T904_User>
  </T904_Kostenstellen>
</NewDataSet>