<?xml version="1.0" standalone="yes"?>
<NewDataSet>
  <X998_ConfigTerm>
    <X998_FirmaNr>TE</X998_FirmaNr>
    <X998_Nr>01</X998_Nr>
    <X998_Bez>Server</X998_Bez>
    <X998_SammelBuchung>1</X998_SammelBuchung>
    <X998_GrpPlatz>12</X998_GrpPlatz>
    <X998_FATAB>TA51</X998_FATAB>
    <X998_screen>TS</X998_screen>
    <X998_scanner>TS</X998_scanner>
    <X998_Printer />
    <X998_StartScreen1>01</X998_StartScreen1>
    <X998_StartScreen2>26</X998_StartScreen2>
    <X998_StartScreen3>17</X998_StartScreen3>
    <X998_AddModus>1</X998_AddModus>
    <X998_FAEnde>0</X998_FAEnde>
    <X998_Sizeable>1</X998_Sizeable>
    <X998_ShowClock>1</X998_ShowClock>
    <X998_KGDirekt>1</X998_KGDirekt>
    <X998_SoftNum>1</X998_SoftNum>
    <X998_MsgInfo>Rotpunkt Küchen</X998_MsgInfo>
    <X998_MAInfo />
    <X998_WriteLog>1</X998_WriteLog>
    <X998_TimeSync>1</X998_TimeSync>
    <X998_KGKommt />
    <X998_KGGeht />
    <X998_Kst>$K</X998_Kst>
    <X998_ArbMas>$A</X998_ArbMas>
    <X998_Fa />
    <X998_Pause>$Z</X998_Pause>
    <X998_GKAuf />
    <X998_INFO />
    <X998_BookTime>25</X998_BookTime>
    <X998_BookPNrDist>4</X998_BookPNrDist>
    <X998_BookExt>30</X998_BookExt>
    <X998_BookInp>20</X998_BookInp>
    <X998_ShowInfo>10</X998_ShowInfo>
    <X998_Network>1800</X998_Network>
    <X998_UpdStamm>900</X998_UpdStamm>
    <X998_UpdConfig>60</X998_UpdConfig>
    <X998_TimeScreen2>30</X998_TimeScreen2>
    <X998_TimeScr17>180</X998_TimeScr17>
    <X998_TimeScr16>180</X998_TimeScr16>
    <X998_F1Btn1>FKT_WBU</X998_F1Btn1>
    <X998_F1Btn2>TRM_PRTINFO</X998_F1Btn2>
    <X998_F1Btn3>FKT_TA06GK</X998_F1Btn3>
    <X998_F1Btn4>FKT_TA06END</X998_F1Btn4>
    <X998_F1Btn5>FKT_STATUS</X998_F1Btn5>
    <X998_F1Btn6>FKT_LIST</X998_F1Btn6>
    <X998_Anlage>2017-03-01T17:47:15+01:00</X998_Anlage>
    <X998_Aenderung>2021-09-01T12:23:40+02:00</X998_Aenderung>
    <X998_User>#fg</X998_User>
    <X998_Taetigkeit>0</X998_Taetigkeit>
    <X998_PCName>Server</X998_PCName>
    <X998_LastAct>2021-10-05T14:53:26+02:00</X998_LastAct>
    <X998_TermVersion>15.8.1.0 - 23.08.2021 14:47:44</X998_TermVersion>
    <X998_LastStart>2021-10-05T14:53:26+02:00</X998_LastStart>
    <X998_SoftNumRight>1</X998_SoftNumRight>
    <x998_Password />
    <X998_Platz />
    <X998_ShowMde>0</X998_ShowMde>
    <X998_AllowRoute>0</X998_AllowRoute>
    <X998_ShowMsgGeht>1</X998_ShowMsgGeht>
    <X998_LogOff>0</X998_LogOff>
    <X998_ShowAllPlatz>0</X998_ShowAllPlatz>
    <X998_InfoPZEFull>1</X998_InfoPZEFull>
    <X998_InfoBDEFull>0</X998_InfoBDEFull>
    <X998_Beep>0</X998_Beep>
    <X998_ShowTag>1</X998_ShowTag>
    <X998_RouteMsg>0</X998_RouteMsg>
    <X998_Runsingle>1</X998_Runsingle>
    <X998_GKEndCheck>0</X998_GKEndCheck>
    <X998_FarbeGK />
    <X998_FarbePlatz />
    <X998_FARueckEnd>1</X998_FARueckEnd>
    <X998_F1Btn7 />
    <X998_F1Btn8 />
    <X998_F1Btn9 />
    <X998_F1Btn10 />
    <X998_F1Btn11 />
    <X998_F1Btn12 />
    <X998_Log>0</X998_Log>
    <X998_ScanCardNo>1</X998_ScanCardNo>
  </X998_ConfigTerm>
</NewDataSet>